Date,SP500,FTSE100,HSI,Nikkei225
2021-04-02,,,,29854.0
2021-04-05,,4077.909912109375,,30089.25
2021-04-06,6823.60009765625,4073.93994140625,,29696.630859375
2021-04-07,6885.2998046875,4079.949951171875,28674.80078125,29730.7890625
2021-04-08,6942.2001953125,4097.169921875,29008.0703125,29708.98046875
2021-04-09,6915.7998046875,4128.7998046875,28698.80078125,29768.060546875
2021-04-12,6889.10009765625,4127.990234375,28453.279296875,29538.73046875
2021-04-13,6890.5,4141.58984375,28497.25,29751.609375
2021-04-14,6939.60009765625,4124.66015625,28900.830078125,29620.990234375
2021-04-15,6983.5,4170.419921875,28793.140625,29642.689453125
2021-04-16,7019.5,4185.47021484375,28969.7109375,29683.369140625
2021-04-19,7000.10009765625,4163.259765625,29106.150390625,29685.369140625
2021-04-20,6859.89990234375,4134.93994140625,29135.73046875,29100.380859375
2021-04-21,6895.2998046875,4173.419921875,28621.919921875,28508.55078125
2021-04-22,6938.2001953125,4134.97998046875,28755.33984375,29188.169921875
2021-04-23,6938.60009765625,4180.169921875,29078.75,29020.630859375
2021-04-26,6963.10009765625,4187.6201171875,28952.830078125,29126.23046875
2021-04-27,6945.0,4186.72021484375,28941.5390625,28991.890625
2021-04-28,6963.7001953125,4183.18017578125,29071.33984375,29053.970703125
2021-04-29,6961.5,4211.47021484375,29303.259765625,29053.970703125
2021-04-30,6969.7998046875,4181.169921875,28724.880859375,28812.630859375
2021-05-03,6969.7998046875,4192.66015625,28357.5390625,28812.630859375
2021-05-04,6923.2001953125,4164.66015625,28557.140625,28812.630859375
2021-05-05,7039.2998046875,4167.58984375,28417.98046875,28812.630859375
2021-05-06,7076.2001953125,4201.6201171875,28637.4609375,29331.369140625
2021-05-07,7129.7001953125,4232.60009765625,28610.650390625,29357.8203125
2021-05-10,7123.7001953125,4188.43017578125,28595.66015625,29518.33984375
2021-05-11,6948.0,4152.10009765625,28013.810546875,28608.58984375
2021-05-12,7004.60009765625,4063.0400390625,28231.0390625,28147.509765625
2021-05-13,6963.2998046875,4112.5,27718.669921875,27448.009765625
2021-05-14,7043.60009765625,4173.85009765625,28027.5703125,28084.470703125
2021-05-17,7032.89990234375,4163.2900390625,28194.08984375,27824.830078125
2021-05-18,7034.2001953125,4127.830078125,28593.810546875,28406.83984375
2021-05-19,6950.2001953125,4115.68017578125,28593.810546875,28044.44921875
2021-05-20,7019.7998046875,4159.1201171875,28450.2890625,28098.25
2021-05-21,7018.10009765625,4155.85986328125,28458.439453125,28317.830078125
2021-05-24,7051.60009765625,4197.0498046875,28412.259765625,28364.609375
2021-05-25,7029.7998046875,4188.1298828125,28910.859375,28553.98046875
2021-05-26,7026.89990234375,4195.990234375,29166.009765625,28642.189453125
2021-05-27,7019.7001953125,4200.8798828125,29113.19921875,28549.009765625
2021-05-28,7022.60009765625,4204.10986328125,29124.41015625,29149.41015625
2021-05-31,7022.60009765625,4204.10986328125,29151.80078125,28860.080078125
2021-06-01,7080.5,4202.0400390625,29468.0,28814.33984375
2021-06-02,7108.0,4208.1201171875,29297.619140625,28946.140625
2021-06-03,7064.39990234375,4192.85009765625,28966.029296875,29058.109375
2021-06-04,7069.0,4229.89013671875,28918.099609375,28941.51953125
2021-06-07,7077.2001953125,4226.52001953125,28787.279296875,29019.240234375
2021-06-08,7095.10009765625,4227.259765625,28781.380859375,28963.560546875
2021-06-09,7081.0,4219.5498046875,28742.630859375,28860.80078125
2021-06-10,7088.2001953125,4239.18017578125,28738.880859375,28958.560546875
2021-06-11,7134.10009765625,4247.43994140625,28842.130859375,28948.73046875
2021-06-14,7146.7001953125,4255.14990234375,28842.130859375,29161.80078125
2021-06-15,7172.5,4246.58984375,28638.529296875,29441.30078125
2021-06-16,7185.0,4223.7001953125,28436.83984375,29291.009765625
2021-06-17,7153.39990234375,4221.85986328125,28558.58984375,29018.330078125
2021-06-18,7017.5,4166.4501953125,28801.26953125,28964.080078125
2021-06-21,7062.2998046875,4224.7900390625,28489.0,28010.9296875
2021-06-22,7090.0,4246.43994140625,28309.759765625,28884.130859375
2021-06-23,7074.10009765625,4241.83984375,28817.0703125,28874.890625
2021-06-24,7110.0,4266.490234375,28882.4609375,28875.23046875
2021-06-25,7136.10009765625,4280.7001953125,29288.220703125,29066.1796875
2021-06-28,7073.0,4290.60986328125,29268.30078125,29048.01953125
2021-06-29,7087.60009765625,4291.7998046875,28994.099609375,28812.609375
2021-06-30,7037.5,4297.5,28827.94921875,28791.529296875
2021-07-01,7125.2001953125,4319.93994140625,28827.94921875,28707.0390625
2021-07-02,7123.2998046875,4352.33984375,28310.419921875,28783.279296875
2021-07-05,7164.89990234375,4352.33984375,28143.5,28598.189453125
2021-07-06,7100.89990234375,4343.5400390625,28072.859375,28643.2109375
2021-07-07,7151.0,4358.1298828125,27960.619140625,28366.94921875
2021-07-08,7030.7001953125,4320.81982421875,27153.130859375,28118.029296875
2021-07-09,7121.89990234375,4369.5498046875,27344.5390625,27940.419921875
2021-07-12,7125.39990234375,4384.6298828125,27515.240234375,28569.01953125
2021-07-13,7124.7001953125,4369.2099609375,27963.41015625,28718.240234375
2021-07-14,7091.2001953125,4374.2998046875,27787.4609375,28608.490234375
2021-07-15,7012.0,4360.02978515625,27996.26953125,28279.08984375
2021-07-16,7008.10009765625,4327.16015625,28004.6796875,28003.080078125
2021-07-19,6844.39990234375,4258.490234375,27489.779296875,27652.740234375
2021-07-20,6881.10009765625,4323.06005859375,27259.25,27388.16015625
2021-07-21,6998.2998046875,4358.68994140625,27224.580078125,27548.0
2021-07-22,6968.2998046875,4367.47998046875,27723.83984375,27548.0
2021-07-23,7027.60009765625,4411.7900390625,27321.98046875,27548.0
2021-07-26,7025.39990234375,4422.2998046875,26192.3203125,27833.2890625
2021-07-27,6996.10009765625,4401.4599609375,25086.4296875,27970.220703125
2021-07-28,7016.60009765625,4400.64013671875,25473.880859375,27581.66015625
2021-07-29,7078.39990234375,4419.14990234375,26315.3203125,27782.419921875
2021-07-30,7032.2998046875,4395.259765625,25961.029296875,27283.58984375
2021-08-02,7081.7001953125,4387.16015625,26235.80078125,27781.01953125
2021-08-03,7105.7001953125,4423.14990234375,26194.8203125,27641.830078125
2021-08-04,7123.89990234375,4402.66015625,26426.55078125,27584.080078125
2021-08-05,7120.39990234375,4429.10009765625,26204.689453125,27728.119140625
2021-08-06,7123.0,4436.52001953125,26179.400390625,27820.0390625
2021-08-09,7132.2998046875,4432.35009765625,26283.400390625,27820.0390625
2021-08-10,7161.0,4436.75,26605.619140625,27888.150390625
2021-08-11,7220.10009765625,4442.41015625,26660.16015625,28070.509765625
2021-08-12,7193.2001953125,4460.830078125,26517.8203125,28015.01953125
2021-08-13,7218.7001953125,4468.0,26391.619140625,27977.150390625
2021-08-16,7154.0,4479.7099609375,26181.4609375,27523.189453125
2021-08-17,7181.10009765625,4448.080078125,25745.869140625,27424.470703125
2021-08-18,7169.2998046875,4400.27001953125,25867.009765625,27585.91015625
2021-08-19,7058.89990234375,4405.7998046875,25316.330078125,27281.169921875
2021-08-20,7087.89990234375,4441.669921875,24849.720703125,27013.25
2021-08-23,7109.0,4479.52978515625,25109.58984375,27494.240234375
2021-08-24,7125.7998046875,4486.22998046875,25727.919921875,27732.099609375
2021-08-25,7150.10009765625,4496.18994140625,25693.94921875,27724.80078125
2021-08-26,7125.0,4470.0,25415.689453125,27742.2890625
2021-08-27,7148.0,4509.3701171875,25407.890625,27641.140625
2021-08-30,7148.0,4528.7900390625,25539.5390625,27789.2890625
2021-08-31,7119.7001953125,4522.68017578125,25878.990234375,28089.5390625
2021-09-01,7149.7998046875,4524.08984375,26028.2890625,28451.01953125
2021-09-02,7163.89990234375,4536.9501953125,26090.4296875,28543.509765625
2021-09-03,7138.39990234375,4535.43017578125,25901.990234375,29128.109375
2021-09-06,7187.2001953125,4535.43017578125,26163.630859375,29659.890625
2021-09-07,7149.39990234375,4520.02978515625,26353.630859375,29916.140625
2021-09-08,7095.5,4514.06982421875,26320.9296875,30181.2109375
2021-09-09,7024.2001953125,4493.27978515625,25716.0,30008.189453125
2021-09-10,7029.2001953125,4458.580078125,26205.91015625,30381.83984375
2021-09-13,7068.39990234375,4468.72998046875,25813.810546875,30447.369140625
2021-09-14,7034.10009765625,4443.0498046875,25502.23046875,30670.099609375
2021-09-15,7016.5,4480.7001953125,25033.2109375,30511.7109375
2021-09-16,7027.5,4473.75,24667.849609375,30323.33984375
2021-09-17,6963.60009765625,4432.990234375,24920.759765625,30500.05078125
2021-09-20,6903.89990234375,4357.72998046875,24099.140625,30500.05078125
2021-09-21,6981.0,4354.18994140625,24221.5390625,29839.7109375
2021-09-22,7083.39990234375,4395.64013671875,24221.5390625,29639.400390625
2021-09-23,7078.39990234375,4448.97998046875,24510.98046875,29639.400390625
2021-09-24,7051.5,4455.47998046875,24192.16015625,30248.810546875
2021-09-27,7063.39990234375,4443.10986328125,24208.779296875,30240.060546875
2021-09-28,7028.10009765625,4352.6298828125,24500.390625,30183.9609375
2021-09-29,7108.2001953125,4359.4599609375,24663.5,29544.2890625
2021-09-30,7086.39990234375,4307.5400390625,24575.640625,29452.66015625
2021-10-01,7027.10009765625,4357.0400390625,24575.640625,28771.0703125
2021-10-04,7011.0,4300.4599609375,24036.369140625,28444.890625
2021-10-05,7077.10009765625,4345.72021484375,24104.150390625,27822.119140625
2021-10-06,6995.89990234375,4363.5498046875,23966.490234375,27528.869140625
2021-10-07,7078.0,4399.759765625,24701.73046875,27678.2109375
2021-10-08,7095.60009765625,4391.33984375,24837.849609375,28048.939453125
2021-10-11,7146.89990234375,4361.18994140625,25325.08984375,28498.19921875
2021-10-12,7130.2001953125,4350.64990234375,24962.58984375,28230.609375
2021-10-13,7141.7998046875,4363.7998046875,24962.58984375,28140.279296875
2021-10-14,7207.7001953125,4438.259765625,24962.58984375,28550.9296875
2021-10-15,7234.0,4471.3701171875,25330.9609375,29068.630859375
2021-10-18,7203.7998046875,4486.4599609375,25409.75,29025.4609375
2021-10-19,7217.5,4519.6298828125,25787.2109375,29215.51953125
2021-10-20,7223.10009765625,4536.18994140625,26136.01953125,29255.55078125
2021-10-21,7190.2998046875,4549.77978515625,26017.529296875,28708.580078125
2021-10-22,7204.60009765625,4544.89990234375,26126.9296875,28804.849609375
2021-10-25,7222.7998046875,4566.47998046875,26132.029296875,28600.41015625
2021-10-26,7277.60009765625,4574.7900390625,26038.26953125,29106.009765625
2021-10-27,7253.2998046875,4551.68017578125,25628.740234375,29098.240234375
2021-10-28,7249.5,4596.419921875,25555.73046875,28820.08984375
2021-10-29,7237.60009765625,4605.3798828125,25377.240234375,28892.689453125
2021-11-01,7288.60009765625,4613.669921875,25154.3203125,29647.080078125
2021-11-02,7274.7998046875,4630.64990234375,25099.669921875,29520.900390625
2021-11-03,7248.89990234375,4660.56982421875,25024.75,29520.900390625
2021-11-04,7279.89990234375,4680.06005859375,25225.189453125,29794.369140625
2021-11-05,7304.0,4697.52978515625,24870.509765625,29611.5703125
2021-11-08,7300.39990234375,4701.7001953125,24763.76953125,29507.05078125
2021-11-09,7274.0,4685.25,24813.130859375,29285.4609375
2021-11-10,7340.2001953125,4646.7099609375,24996.140625,29106.779296875
2021-11-11,7384.2001953125,4649.27001953125,25247.990234375,29277.859375
2021-11-12,7347.89990234375,4682.85009765625,25327.970703125,29609.970703125
2021-11-15,7351.89990234375,4682.7998046875,25390.91015625,29776.80078125
2021-11-16,7327.0,4700.89990234375,25713.779296875,29808.119140625
2021-11-17,7291.2001953125,4688.669921875,25650.080078125,29688.330078125
2021-11-18,7256.0,4704.5400390625,25319.720703125,29598.66015625
2021-11-19,7223.60009765625,4697.9599609375,25049.970703125,29745.869140625
2021-11-22,7255.5,4682.93994140625,24951.33984375,29774.109375
2021-11-23,7266.7001953125,4690.7001953125,24651.580078125,29774.109375
2021-11-24,7286.2998046875,4701.4599609375,24685.5,29302.66015625
2021-11-25,7310.39990234375,4701.4599609375,24740.16015625,29499.279296875
2021-11-26,7044.0,4594.6201171875,24080.51953125,28751.619140625
2021-11-29,7110.0,4655.27001953125,23852.240234375,28283.919921875
2021-11-30,7059.5,4567.0,23475.259765625,27821.759765625
2021-12-01,7168.7001953125,4513.0400390625,23658.919921875,27935.619140625
2021-12-02,7129.2001953125,4577.10009765625,23788.9296875,27753.369140625
2021-12-03,7122.2998046875,4538.43017578125,23766.689453125,28029.5703125
2021-12-06,7232.2998046875,4591.669921875,23349.380859375,27927.369140625
2021-12-07,7339.89990234375,4686.75,23983.66015625,28455.599609375
2021-12-08,7337.39990234375,4701.2099609375,23996.869140625,28860.619140625
2021-12-09,7321.2998046875,4667.4501953125,24254.859375,28725.470703125
2021-12-10,7291.7998046875,4712.02001953125,23995.720703125,28437.76953125
2021-12-13,7231.39990234375,4668.97021484375,23954.580078125,28640.490234375
2021-12-14,7218.60009765625,4634.08984375,23635.94921875,28432.640625
2021-12-15,7170.7998046875,4709.85009765625,23420.759765625,28459.720703125
2021-12-16,7260.60009765625,4668.669921875,23475.5,29066.3203125
2021-12-17,7269.89990234375,4620.64013671875,23192.630859375,28545.6796875
2021-12-20,7198.0,4568.02001953125,22744.859375,27937.810546875
2021-12-21,7297.39990234375,4649.22998046875,22971.330078125,28517.58984375
2021-12-22,7341.7001953125,4696.56005859375,23102.330078125,28562.2109375
2021-12-23,7373.2998046875,4725.7900390625,23193.640625,28798.369140625
2021-12-24,7372.10009765625,4725.7900390625,23223.759765625,28782.58984375
2021-12-27,7372.10009765625,4791.18994140625,23223.759765625,28676.4609375
2021-12-28,7372.10009765625,4786.35009765625,23280.560546875,29069.16015625
2021-12-29,7420.7001953125,4793.06005859375,23086.5390625,28906.880859375
2021-12-30,7403.0,4778.72998046875,23112.009765625,28791.7109375
2021-12-31,7384.5,4766.18017578125,23397.669921875,28791.7109375
2022-01-03,7384.5,4796.56005859375,23274.75,28791.7109375
2022-01-04,7505.2001953125,4793.5400390625,23289.83984375,29301.7890625
2022-01-05,7516.89990234375,4700.580078125,22907.25,29332.16015625
2022-01-06,7450.39990234375,4696.0498046875,23072.859375,28487.869140625
2022-01-07,7485.2998046875,4677.02978515625,23493.380859375,28478.560546875
2022-01-10,7445.2998046875,4670.2900390625,23746.5390625,28478.560546875
2022-01-11,7491.39990234375,4713.06982421875,23739.060546875,28222.48046875
2022-01-12,7551.7001953125,4726.35009765625,24402.169921875,28765.66015625
2022-01-13,7563.89990234375,4659.02978515625,24429.76953125,28489.130859375
2022-01-14,7543.0,4662.85009765625,24383.3203125,28124.279296875
2022-01-17,7611.2001953125,4662.85009765625,24218.029296875,28333.51953125
2022-01-18,7563.60009765625,4577.10986328125,24112.779296875,28257.25
2022-01-19,7589.7001953125,4532.759765625,24127.849609375,27467.23046875
2022-01-20,7585.0,4482.72998046875,24952.349609375,27772.9296875
2022-01-21,7494.10009765625,4397.93994140625,24965.55078125,27522.259765625
2022-01-24,7297.2001953125,4410.1298828125,24656.4609375,27588.369140625
2022-01-25,7371.5,4356.4501953125,24243.609375,27131.33984375
2022-01-26,7469.7998046875,4349.93017578125,24289.900390625,27011.330078125
2022-01-27,7554.2998046875,4326.509765625,23807.0,26170.30078125
2022-01-28,7466.10009765625,4431.85009765625,23550.080078125,26717.33984375
2022-01-31,7464.39990234375,4515.5498046875,23802.259765625,27001.98046875
2022-02-01,7535.7998046875,4546.5400390625,23802.259765625,27078.48046875
2022-02-02,7583.0,4589.3798828125,23802.259765625,27533.599609375
2022-02-03,7528.7998046875,4477.43994140625,23802.259765625,27241.310546875
2022-02-04,7516.39990234375,4500.52978515625,24573.2890625,27439.990234375
2022-02-07,7573.5,4483.8701171875,24579.55078125,27248.869140625
2022-02-08,7567.10009765625,4521.5400390625,24329.490234375,27284.51953125
2022-02-09,7643.39990234375,4587.18017578125,24829.990234375,27579.869140625
2022-02-10,7672.39990234375,4504.080078125,24924.349609375,27696.080078125
2022-02-11,7661.0,4418.64013671875,24906.66015625,27696.080078125
2022-02-14,7531.60009765625,4401.669921875,24556.5703125,27079.58984375
2022-02-15,7608.89990234375,4471.06982421875,24355.7109375,26865.189453125
2022-02-16,7603.7998046875,4475.009765625,24718.900390625,27460.400390625
2022-02-17,7537.39990234375,4380.259765625,24792.76953125,27232.869140625
2022-02-18,7513.60009765625,4348.8701171875,24327.7109375,27122.0703125
2022-02-21,7484.2998046875,4348.8701171875,24170.0703125,26910.869140625
2022-02-22,7494.2001953125,4304.759765625,23520.0,26449.609375
2022-02-23,7498.2001953125,4225.5,23660.279296875,26449.609375
2022-02-24,7207.0,4288.7001953125,22901.560546875,25970.8203125
2022-02-25,7489.5,4384.64990234375,22767.1796875,26476.5
2022-02-28,7458.2998046875,4373.93994140625,22713.01953125,26526.8203125
2022-03-01,7330.2001953125,4306.259765625,22761.7109375,26844.720703125
2022-03-02,7429.60009765625,4386.5400390625,22343.919921875,26393.029296875
2022-03-03,7238.89990234375,4363.490234375,22467.33984375,26577.26953125
2022-03-04,6987.10009765625,4328.8701171875,21905.2890625,25985.470703125
2022-03-07,6959.5,4201.08984375,21057.630859375,25221.41015625
2022-03-08,6964.10009765625,4170.7001953125,20765.869140625,24790.94921875
2022-03-09,7190.7001953125,4277.8798828125,20627.7109375,24717.529296875
2022-03-10,7099.10009765625,4259.52001953125,20890.259765625,25690.400390625
2022-03-11,7155.60009765625,4204.31005859375,20553.7890625,25162.779296875
2022-03-14,7193.5,4173.10986328125,19531.66015625,25307.849609375
2022-03-15,7175.7001953125,4262.4501953125,18415.080078125,25346.48046875
2022-03-16,7291.7001953125,4357.85986328125,20087.5,25762.009765625
2022-03-17,7385.2998046875,4411.669921875,21501.23046875,26652.890625
2022-03-18,7404.7001953125,4463.1201171875,21412.400390625,26827.4296875
2022-03-21,7442.39990234375,4461.18017578125,21221.33984375,26827.4296875
2022-03-22,7476.7001953125,4511.60986328125,21889.279296875,27224.109375
2022-03-23,7460.60009765625,4456.240234375,22154.080078125,28040.16015625
2022-03-24,7467.39990234375,4520.16015625,21945.94921875,28110.390625
2022-03-25,7483.39990234375,4543.06005859375,21404.880859375,28149.83984375
2022-03-28,7473.10009765625,4575.52001953125,21684.970703125,27943.890625
2022-03-29,7537.2998046875,4631.60009765625,21927.630859375,28252.419921875
2022-03-30,7578.7998046875,4602.4501953125,22232.029296875,28027.25
2022-03-31,7515.7001953125,4530.41015625,21996.849609375,27821.4296875
2022-04-01,7537.89990234375,4545.85986328125,22039.55078125,27665.98046875
2022-04-04,7558.89990234375,4582.64013671875,22502.310546875,27736.470703125
2022-04-05,7613.7001953125,4525.1201171875,22502.310546875,27787.98046875
2022-04-06,7587.7001953125,4481.14990234375,22080.51953125,27350.30078125
2022-04-07,7551.7998046875,4500.2099609375,21808.98046875,26888.5703125
2022-04-08,7669.60009765625,4488.27978515625,21872.009765625,26985.80078125
2022-04-11,7618.2998046875,4412.52978515625,21208.30078125,26821.51953125
2022-04-12,7576.7001953125,4397.4501953125,21319.130859375,26334.98046875
2022-04-13,7580.7998046875,4446.58984375,21374.369140625,26843.490234375
2022-04-14,7616.39990234375,4392.58984375,21518.080078125,27172.0
2022-04-15,7616.39990234375,4392.58984375,21518.080078125,27093.189453125
2022-04-18,7616.39990234375,4391.68994140625,21518.080078125,26799.7109375
2022-04-19,7601.2998046875,4462.2099609375,21027.759765625,26985.08984375
2022-04-20,7629.2001953125,4459.4501953125,20944.669921875,27217.849609375
2022-04-21,7628.0,4393.66015625,20682.220703125,27553.060546875
2022-04-22,7521.7001953125,4271.77978515625,20638.51953125,27105.259765625
2022-04-25,7380.5,4296.1201171875,19869.33984375,26590.779296875
2022-04-26,7386.2001953125,4175.2001953125,19934.7109375,26700.109375
2022-04-27,7425.60009765625,4183.9599609375,19946.359375,26386.630859375
2022-04-28,7509.2001953125,4287.5,20276.169921875,26847.900390625
2022-04-29,7544.60009765625,4131.93017578125,21089.390625,26847.900390625
2022-05-02,7544.60009765625,4155.3798828125,21089.390625,26818.529296875
2022-05-03,7561.2998046875,4175.47998046875,21101.890625,26818.529296875
2022-05-04,7493.5,4300.169921875,20869.51953125,26818.529296875
2022-05-05,7503.2998046875,4146.8701171875,20793.400390625,26818.529296875
2022-05-06,7387.89990234375,4123.33984375,20001.9609375,27003.560546875
2022-05-09,7216.60009765625,3991.239990234375,20001.9609375,26319.33984375
2022-05-10,7243.2001953125,4001.050048828125,19633.689453125,26167.099609375
2022-05-11,7347.7001953125,3935.179931640625,19824.5703125,26213.640625
2022-05-12,7233.2998046875,3930.080078125,19380.33984375,25748.720703125
2022-05-13,7418.2001953125,4023.889892578125,19898.76953125,26427.650390625
2022-05-16,7464.7998046875,4008.010009765625,19950.2109375,26547.05078125
2022-05-17,7518.39990234375,4088.85009765625,20602.51953125,26659.75
2022-05-18,7438.10009765625,3923.679931640625,20644.279296875,26911.19921875
2022-05-19,7302.7001953125,3900.7900390625,20120.6796875,26402.83984375
2022-05-20,7390.0,3901.360107421875,20717.240234375,26739.029296875
2022-05-23,7513.39990234375,3973.75,20470.060546875,27001.51953125
2022-05-24,7484.39990234375,3941.47998046875,20112.099609375,26748.140625
2022-05-25,7522.7998046875,3978.72998046875,20171.26953125,26677.80078125
2022-05-26,7564.89990234375,4057.840087890625,20116.19921875,26604.83984375
2022-05-27,7585.5,4158.240234375,20697.359375,26781.6796875
2022-05-30,7600.10009765625,4158.240234375,21123.9296875,27369.4296875
2022-05-31,7607.7001953125,4132.14990234375,21415.19921875,27279.80078125
2022-06-01,7533.0,4101.22998046875,21294.939453125,27457.890625
2022-06-02,7533.0,4176.81982421875,21082.130859375,27413.880859375
2022-06-03,7533.0,4108.5400390625,21082.130859375,27761.5703125
2022-06-06,7608.2001953125,4121.43017578125,21653.900390625,27915.890625
2022-06-07,7598.89990234375,4160.68017578125,21531.669921875,27943.94921875
2022-06-08,7593.0,4115.77001953125,22014.58984375,28234.2890625
2022-06-09,7476.2001953125,4017.820068359375,21869.05078125,28246.529296875
2022-06-10,7317.5,3900.860107421875,21806.1796875,27824.2890625
2022-06-13,7205.7998046875,3749.6298828125,21067.580078125,26987.439453125
2022-06-14,7187.5,3735.47998046875,21067.990234375,26629.859375
2022-06-15,7273.39990234375,3789.989990234375,21308.2109375,26326.16015625
2022-06-16,7045.0,3666.77001953125,20845.4296875,26431.19921875
2022-06-17,7016.2998046875,3674.840087890625,21075.0,25963.0
2022-06-20,7121.7998046875,3674.840087890625,21163.91015625,25771.220703125
2022-06-21,7152.10009765625,3764.7900390625,21559.58984375,26246.310546875
2022-06-22,7089.2001953125,3759.889892578125,21008.33984375,26149.55078125
2022-06-23,7020.5,3795.72998046875,21273.869140625,26171.25
2022-06-24,7208.7998046875,3911.739990234375,21719.060546875,26491.970703125
2022-06-27,7258.2998046875,3900.110107421875,22229.51953125,26871.26953125
2022-06-28,7323.39990234375,3821.550048828125,22418.970703125,27049.470703125
2022-06-29,7312.2998046875,3818.830078125,21996.890625,26804.599609375
2022-06-30,7169.2998046875,3785.3798828125,21859.7890625,26393.0390625
2022-07-01,7168.7001953125,3825.330078125,21859.7890625,25935.619140625
2022-07-04,7232.7001953125,3825.330078125,21830.349609375,26153.810546875
2022-07-05,7025.5,3831.389892578125,21853.0703125,26423.470703125
2022-07-06,7107.7998046875,3845.080078125,21586.66015625,26107.650390625
2022-07-07,7189.10009765625,3902.6201171875,21643.580078125,26490.529296875
2022-07-08,7196.2001953125,3899.3798828125,21725.779296875,26517.189453125
2022-07-11,7196.60009765625,3854.429931640625,21124.19921875,26812.30078125
2022-07-12,7209.89990234375,3818.800048828125,20844.740234375,26336.66015625
2022-07-13,7156.39990234375,3801.780029296875,20797.94921875,26478.76953125
2022-07-14,7039.7998046875,3790.3798828125,20751.2109375,26643.390625
2022-07-15,7159.0,3863.159912109375,20297.720703125,26788.470703125
2022-07-18,7223.2001953125,3830.85009765625,20846.1796875,26788.470703125
2022-07-19,7296.2998046875,3936.68994140625,20661.060546875,26961.6796875
2022-07-20,7264.2998046875,3959.89990234375,20890.220703125,27680.259765625
2022-07-21,7270.5,3998.949951171875,20574.630859375,27803.0
2022-07-22,7276.39990234375,3961.6298828125,20609.140625,27914.66015625
2022-07-25,7306.2998046875,3966.840087890625,20562.939453125,27699.25
2022-07-26,7306.2998046875,3921.050048828125,20905.880859375,27655.2109375
2022-07-27,7348.2001953125,4023.610107421875,20670.0390625,27715.75
2022-07-28,7345.2998046875,4072.429931640625,20622.6796875,27815.48046875
2022-07-29,7423.39990234375,4130.2900390625,20156.509765625,27801.640625
2022-08-01,7413.39990234375,4118.6298828125,20165.83984375,27993.349609375
2022-08-02,7409.10009765625,4091.18994140625,19689.2109375,27594.73046875
2022-08-03,7445.7001953125,4155.169921875,19767.08984375,27741.900390625
2022-08-04,7448.10009765625,4151.93994140625,20174.0390625,27932.19921875
2022-08-05,7439.7001953125,4145.18994140625,20201.939453125,28175.869140625
2022-08-08,7482.39990234375,4140.06005859375,20045.76953125,28249.240234375
2022-08-09,7488.2001953125,4122.47021484375,20003.439453125,27999.9609375
2022-08-10,7507.10009765625,4210.240234375,19610.83984375,27819.330078125
2022-08-11,7465.89990234375,4207.27001953125,20082.4296875,27819.330078125
2022-08-12,7500.89990234375,4280.14990234375,20175.619140625,28546.98046875
2022-08-15,7509.2001953125,4297.14013671875,20040.859375,28871.779296875
2022-08-16,7536.10009765625,4305.2001953125,19830.51953125,28868.91015625
2022-08-17,7515.7998046875,4274.0400390625,19922.44921875,29222.76953125
2022-08-18,7541.89990234375,4283.740234375,19763.91015625,28942.140625
2022-08-19,7550.39990234375,4228.47998046875,19773.029296875,28930.330078125
2022-08-22,7533.7998046875,4137.990234375,19656.98046875,28794.5
2022-08-23,7488.10009765625,4128.72998046875,19503.25,28452.75
2022-08-24,7471.5,4140.77001953125,19268.740234375,28313.470703125
2022-08-25,7479.7001953125,4199.1201171875,19968.380859375,28479.009765625
2022-08-26,7427.2998046875,4057.659912109375,20170.0390625,28641.380859375
2022-08-29,7427.2998046875,4030.610107421875,20023.220703125,27878.9609375
2022-08-30,7361.60009765625,3986.159912109375,19949.029296875,28195.580078125
2022-08-31,7284.2001953125,3955.0,19954.390625,28091.529296875
2022-09-01,7148.5,3966.85009765625,19597.310546875,27661.470703125
2022-09-02,7281.2001953125,3924.260009765625,19452.08984375,27650.83984375
2022-09-05,7287.39990234375,3924.260009765625,19225.69921875,27619.609375
2022-09-06,7300.39990234375,3908.18994140625,19202.73046875,27626.509765625
2022-09-07,7237.7998046875,3979.8701171875,19044.30078125,27430.30078125
2022-09-08,7262.10009765625,4006.179931640625,18854.619140625,28065.279296875
2022-09-09,7351.10009765625,4067.360107421875,19362.25,28214.75
2022-09-12,7473.0,4110.41015625,19362.25,28542.109375
2022-09-13,7385.89990234375,3932.68994140625,19326.859375,28614.630859375
2022-09-14,7277.2998046875,3946.010009765625,18847.099609375,27818.619140625
2022-09-15,7282.10009765625,3901.35009765625,18930.380859375,27875.91015625
2022-09-16,7236.7001953125,3873.330078125,18761.689453125,27567.650390625
2022-09-19,7236.7001953125,3899.889892578125,18565.970703125,27567.650390625
2022-09-20,7192.7001953125,3855.929931640625,18781.419921875,27688.419921875
2022-09-21,7237.60009765625,3789.929931640625,18444.619140625,27313.130859375
2022-09-22,7159.5,3757.989990234375,18147.94921875,27153.830078125
2022-09-23,7018.60009765625,3693.22998046875,17933.26953125,27153.830078125
2022-09-26,7021.0,3655.0400390625,17855.140625,26431.55078125
2022-09-27,6984.60009765625,3647.2900390625,17860.310546875,26571.869140625
2022-09-28,7005.39990234375,3719.0400390625,17250.880859375,26173.98046875
2022-09-29,6881.60009765625,3640.469970703125,17165.869140625,26422.05078125
2022-09-30,6893.7998046875,3585.6201171875,17222.830078125,25937.2109375
2022-10-03,6908.7998046875,3678.429931640625,17079.509765625,26215.7890625
2022-10-04,7086.5,3790.929931640625,17079.509765625,26992.2109375
2022-10-05,7052.60009765625,3783.280029296875,18087.970703125,27120.529296875
2022-10-06,6997.2998046875,3744.52001953125,18012.150390625,27311.30078125
2022-10-07,6991.10009765625,3639.659912109375,17740.05078125,27116.109375
2022-10-10,6959.2998046875,3612.389892578125,17216.66015625,27116.109375
2022-10-11,6885.2001953125,3588.840087890625,16832.359375,26401.25
2022-10-12,6826.2001953125,3577.030029296875,16701.029296875,26396.830078125
2022-10-13,6850.2998046875,3669.909912109375,16389.109375,26237.419921875
2022-10-14,6858.7998046875,3583.070068359375,16587.689453125,27090.759765625
2022-10-17,6920.2001953125,3677.949951171875,16612.900390625,26775.7890625
2022-10-18,6936.7001953125,3719.97998046875,16914.580078125,27156.140625
2022-10-19,6925.0,3695.159912109375,16511.279296875,27257.380859375
2022-10-20,6943.89990234375,3665.780029296875,16280.2197265625,27006.9609375
2022-10-21,6969.7001953125,3752.75,16211.1201171875,26890.580078125
2022-10-24,7014.0,3797.340087890625,15180.6904296875,26974.900390625
2022-10-25,7013.5,3859.110107421875,15165.58984375,27250.279296875
2022-10-26,7056.10009765625,3830.60009765625,15317.669921875,27431.83984375
2022-10-27,7073.7001953125,3807.300048828125,15427.9404296875,27345.240234375
2022-10-28,7047.7001953125,3901.06005859375,14863.0595703125,27105.19921875
2022-10-31,7094.5,3871.97998046875,14687.01953125,27587.4609375
2022-11-01,7186.2001953125,3856.10009765625,15455.26953125,27678.919921875
2022-11-02,7144.10009765625,3759.68994140625,15827.169921875,27663.390625
2022-11-03,7188.60009765625,3719.889892578125,15339.490234375,27663.390625
2022-11-04,7334.7998046875,3770.550048828125,16161.1396484375,27199.740234375
2022-11-07,7300.0,3806.800048828125,16595.91015625,27527.640625
2022-11-08,7306.10009765625,3828.110107421875,16557.310546875,27872.109375
2022-11-09,7296.2998046875,3748.570068359375,16358.51953125,27716.4296875
2022-11-10,7375.2998046875,3956.3701171875,16081.0400390625,27446.099609375
2022-11-11,7318.0,3992.929931640625,17325.66015625,28263.5703125
2022-11-14,7385.2001953125,3957.25,17619.7109375,27963.470703125
2022-11-15,7369.39990234375,3991.72998046875,18343.119140625,27990.169921875
2022-11-16,7351.2001953125,3958.7900390625,18256.48046875,28028.30078125
2022-11-17,7346.5,3946.56005859375,18045.66015625,27930.5703125
2022-11-18,7385.5,3965.340087890625,17992.5390625,27899.76953125
2022-11-21,7376.89990234375,3949.93994140625,17655.91015625,27944.7890625
2022-11-22,7452.7998046875,4003.580078125,17424.41015625,28115.740234375
2022-11-23,7465.2001953125,4027.260009765625,17523.810546875,28115.740234375
2022-11-24,7466.60009765625,4027.260009765625,17660.900390625,28383.08984375
2022-11-25,7486.7001953125,4026.1201171875,17573.580078125,28283.029296875
2022-11-28,7474.0,3963.93994140625,17297.939453125,28162.830078125
2022-11-29,7512.0,3957.6298828125,18204.6796875,28027.83984375
2022-11-30,7573.10009765625,4080.110107421875,18597.23046875,27968.990234375
2022-12-01,7558.5,4076.570068359375,18736.439453125,28226.080078125
2022-12-02,7556.2001953125,4071.699951171875,18675.349609375,27777.900390625
2022-12-05,7567.5,3998.840087890625,19518.2890625,27820.400390625
2022-12-06,7521.39990234375,3941.260009765625,19441.1796875,27885.869140625
2022-12-07,7489.2001953125,3933.919921875,18814.8203125,27686.400390625
2022-12-08,7472.2001953125,3963.510009765625,19450.23046875,27574.4296875
2022-12-09,7476.60009765625,3934.3798828125,19900.869140625,27901.009765625
2022-12-12,7446.0,3990.56005859375,19463.630859375,27842.330078125
2022-12-13,7502.89990234375,4019.64990234375,19596.19921875,27954.849609375
2022-12-14,7495.89990234375,3995.320068359375,19673.44921875,28156.2109375
2022-12-15,7426.2001953125,3895.75,19368.58984375,28051.69921875
2022-12-16,7332.10009765625,3852.360107421875,19450.669921875,27527.119140625
2022-12-19,7361.2998046875,3817.659912109375,19352.810546875,27237.640625
2022-12-20,7370.60009765625,3821.6201171875,19094.80078125,26568.029296875
2022-12-21,7497.2998046875,3878.43994140625,19160.490234375,26387.720703125
2022-12-22,7469.2998046875,3822.389892578125,19679.220703125,26507.869140625
2022-12-23,7473.0,3844.820068359375,19593.060546875,26235.25
2022-12-26,7473.0,3844.820068359375,19593.060546875,26405.869140625
2022-12-27,7473.0,3829.25,19593.060546875,26447.869140625
2022-12-28,7497.2001953125,3783.219970703125,19898.91015625,26340.5
2022-12-29,7512.7001953125,3849.280029296875,19741.140625,26093.669921875
2022-12-30,7451.7001953125,3839.5,19781.41015625,26094.5
2023-01-03,7554.10009765625,3824.139892578125,20145.2890625,26094.5
2023-01-04,7585.2001953125,3852.969970703125,20793.109375,25716.859375
2023-01-05,7633.5,3808.10009765625,21052.169921875,25820.80078125
2023-01-06,7699.5,3895.080078125,20991.640625,25973.849609375
2023-01-09,7724.89990234375,3892.090087890625,21388.33984375,25973.849609375
2023-01-10,7694.5,3919.25,21331.4609375,26175.560546875
2023-01-11,7725.0,3969.610107421875,21436.05078125,26446.0
2023-01-12,7794.0,3983.169921875,21514.099609375,26449.8203125
2023-01-13,7844.10009765625,3999.090087890625,21738.66015625,26119.51953125
2023-01-16,7860.10009765625,3999.090087890625,21746.720703125,25822.3203125
2023-01-17,7851.0,3990.969970703125,21577.640625,26138.6796875
2023-01-18,7830.7001953125,3928.860107421875,21678.0,26791.119140625
2023-01-19,7747.2998046875,3898.85009765625,21650.98046875,26405.23046875
2023-01-20,7770.60009765625,3972.610107421875,22044.650390625,26553.529296875
2023-01-23,7784.7001953125,4019.81005859375,22044.650390625,26906.0390625
2023-01-24,7757.39990234375,4016.949951171875,22044.650390625,27299.189453125
2023-01-25,7744.89990234375,4016.219970703125,22044.650390625,27395.009765625
2023-01-26,7761.10009765625,4060.429931640625,22566.779296875,27362.75
2023-01-27,7765.2001953125,4070.56005859375,22688.900390625,27382.560546875
2023-01-30,7784.89990234375,4017.77001953125,22069.73046875,27433.400390625
2023-01-31,7771.7001953125,4076.60009765625,21842.330078125,27327.109375
2023-02-01,7761.10009765625,4119.2099609375,22072.1796875,27346.880859375
2023-02-02,7820.2001953125,4179.759765625,21958.359375,27402.05078125
2023-02-03,7901.7998046875,4136.47998046875,21660.470703125,27509.4609375
2023-02-06,7836.7001953125,4111.080078125,21222.16015625,27693.650390625
2023-02-07,7864.7001953125,4164.0,21298.69921875,27685.470703125
2023-02-08,7885.2001953125,4117.85986328125,21283.51953125,27606.4609375
2023-02-09,7911.2001953125,4081.5,21624.359375,27584.349609375
2023-02-10,7882.5,4090.4599609375,21190.419921875,27670.98046875
2023-02-13,7947.60009765625,4137.2900390625,21164.419921875,27427.3203125
2023-02-14,7953.89990234375,4136.1298828125,21113.759765625,27602.76953125
2023-02-15,7997.7998046875,4147.60009765625,20812.169921875,27501.859375
2023-02-16,8012.5,4090.409912109375,20987.669921875,27696.439453125
2023-02-17,8004.39990234375,4079.090087890625,20719.810546875,27513.130859375
2023-02-20,8014.2998046875,4079.090087890625,20886.9609375,27531.939453125
2023-02-21,7977.7998046875,3997.340087890625,20529.490234375,27473.099609375
2023-02-22,7930.60009765625,3991.050048828125,20423.83984375,27104.3203125
2023-02-23,7907.7001953125,4012.320068359375,20351.349609375,27104.3203125
2023-02-24,7878.7001953125,3970.0400390625,20010.0390625,27453.48046875
2023-02-27,7935.10009765625,3982.239990234375,19943.509765625,27423.9609375
2023-02-28,7876.2998046875,3970.14990234375,19785.939453125,27445.560546875
2023-03-01,7914.89990234375,3951.389892578125,20619.7109375,27516.529296875
2023-03-02,7944.0,3981.35009765625,20429.4609375,27498.869140625
2023-03-03,7947.10009765625,4045.639892578125,20567.5390625,27927.470703125
2023-03-06,7929.7998046875,4048.419921875,20603.189453125,28237.779296875
2023-03-07,7919.5,3986.3701171875,20534.48046875,28309.16015625
2023-03-08,7929.89990234375,3992.010009765625,20051.25,28444.189453125
2023-03-09,7880.0,3918.320068359375,19925.740234375,28623.150390625
2023-03-10,7748.39990234375,3861.590087890625,19319.919921875,28143.970703125
2023-03-13,7548.60009765625,3855.760009765625,19695.970703125,27832.9609375
2023-03-14,7637.10009765625,3919.2900390625,19247.9609375,27222.0390625
2023-03-15,7344.5,3891.929931640625,19539.869140625,27229.48046875
2023-03-16,7410.0,3960.280029296875,19203.91015625,27010.609375
2023-03-17,7335.39990234375,3916.639892578125,19518.58984375,27333.7890625
2023-03-20,7403.89990234375,3951.570068359375,19000.7109375,26945.669921875
2023-03-21,7536.2001953125,4002.8701171875,19258.759765625,26945.669921875
2023-03-22,7566.7998046875,3936.969970703125,19591.4296875,27466.609375
2023-03-23,7499.60009765625,3948.719970703125,20049.640625,27419.609375
2023-03-24,7405.5,3970.989990234375,19915.6796875,27385.25
2023-03-27,7471.7998046875,3977.530029296875,19567.689453125,27476.869140625
2023-03-28,7484.2998046875,3971.27001953125,19784.650390625,27518.25
2023-03-29,7564.2998046875,4027.81005859375,20192.400390625,27883.779296875
2023-03-30,7620.39990234375,4050.830078125,20309.130859375,27782.9296875
2023-03-31,7631.7001953125,4109.31005859375,20400.109375,28041.48046875
2023-04-03,7673.0,4124.509765625,20409.1796875,28188.150390625
2023-04-04,7634.5,4100.60009765625,20274.58984375,28287.419921875
2023-04-05,7662.89990234375,4090.3798828125,20274.58984375,27813.259765625
2023-04-06,7741.60009765625,4105.02001953125,20331.19921875,27472.630859375
2023-04-07,7741.60009765625,4105.02001953125,20331.19921875,27518.310546875
2023-04-10,7741.60009765625,4109.10986328125,20331.19921875,27633.66015625
2023-04-11,7785.7001953125,4108.93994140625,20485.240234375,27923.369140625
2023-04-12,7824.7998046875,4091.949951171875,20309.859375,28082.69921875
2023-04-13,7843.39990234375,4146.22021484375,20344.48046875,28156.970703125
2023-04-14,7871.89990234375,4137.64013671875,20438.810546875,28493.470703125
2023-04-17,7879.5,4151.31982421875,20782.44921875,28514.779296875
2023-04-18,7909.39990234375,4154.8701171875,20650.509765625,28658.830078125
2023-04-19,7898.7998046875,4154.52001953125,20367.759765625,28606.759765625
2023-04-20,7902.60009765625,4129.7900390625,20396.970703125,28657.5703125
2023-04-21,7914.10009765625,4133.52001953125,20075.73046875,28564.369140625
2023-04-24,7912.2001953125,4137.0400390625,19959.939453125,28593.51953125
2023-04-25,7891.10009765625,4071.6298828125,19617.880859375,28620.0703125
2023-04-26,7852.60009765625,4055.989990234375,19757.26953125,28416.470703125
2023-04-27,7831.60009765625,4135.35009765625,19840.279296875,28457.6796875
2023-04-28,7870.60009765625,4169.47998046875,19894.5703125,28856.439453125
2023-05-01,7870.60009765625,4167.8701171875,19894.5703125,29123.1796875
2023-05-02,7773.0,4119.580078125,19933.810546875,29157.94921875
2023-05-03,7788.39990234375,4090.75,19699.16015625,29157.94921875
2023-05-04,7702.60009765625,4061.219970703125,19948.73046875,29157.94921875
2023-05-05,7778.39990234375,4136.25,20049.310546875,29157.94921875
2023-05-08,7778.39990234375,4138.1201171875,20297.029296875,28949.880859375
2023-05-09,7764.10009765625,4119.169921875,19867.580078125,29242.8203125
2023-05-10,7741.2998046875,4137.64013671875,19762.19921875,29122.1796875
2023-05-11,7730.60009765625,4130.6201171875,19743.7890625,29126.720703125
2023-05-12,7754.60009765625,4124.080078125,19627.240234375,29388.30078125
2023-05-15,7777.7001953125,4136.27978515625,19971.130859375,29626.33984375
2023-05-16,7751.10009765625,4109.89990234375,19978.25,29842.990234375
2023-05-17,7723.2001953125,4158.77001953125,19560.5703125,30093.58984375
2023-05-18,7742.2998046875,4198.0498046875,19727.25,30573.9296875
2023-05-19,7756.89990234375,4191.97998046875,19450.5703125,30808.349609375
2023-05-22,7771.0,4192.6298828125,19678.169921875,31086.8203125
2023-05-23,7763.0,4145.580078125,19431.25,30957.76953125
2023-05-24,7627.10009765625,4115.240234375,19115.9296875,30682.6796875
2023-05-25,7570.89990234375,4151.27978515625,18746.919921875,30801.130859375
2023-05-26,7627.2001953125,4205.4501953125,18746.919921875,30916.310546875
2023-05-29,7627.2001953125,4205.4501953125,18551.109375,31233.5390625
2023-05-30,7522.10009765625,4205.52001953125,18595.779296875,31328.16015625
2023-05-31,7446.10009765625,4179.830078125,18234.26953125,30887.880859375
2023-06-01,7490.2998046875,4221.02001953125,18216.91015625,31148.009765625
2023-06-02,7607.2998046875,4282.3701171875,18949.939453125,31524.220703125
2023-06-05,7600.0,4273.7900390625,19108.5,32217.4296875
2023-06-06,7628.10009765625,4283.85009765625,19099.279296875,32506.779296875
2023-06-07,7624.2998046875,4267.52001953125,19252.0,31913.740234375
2023-06-08,7599.7001953125,4293.93017578125,19299.1796875,31641.26953125
2023-06-09,7562.39990234375,4298.85986328125,19389.94921875,32265.169921875
2023-06-12,7570.7001953125,4338.93017578125,19404.310546875,32434.0
2023-06-13,7594.7998046875,4369.009765625,19521.419921875,33018.6484375
2023-06-14,7602.7001953125,4372.58984375,19408.419921875,33502.421875
2023-06-15,7628.2998046875,4425.83984375,19828.919921875,33485.48828125
2023-06-16,7642.7001953125,4409.58984375,20040.369140625,33706.078125
2023-06-19,7588.5,4409.58984375,19912.890625,33370.421875
2023-06-20,7569.2998046875,4388.7099609375,19607.080078125,33388.91015625
2023-06-21,7559.2001953125,4365.68994140625,19218.349609375,33575.140625
2023-06-22,7502.0,4381.89013671875,19218.349609375,33264.87890625
2023-06-23,7461.89990234375,4348.330078125,18889.970703125,32781.5390625
2023-06-26,7453.60009765625,4328.81982421875,18794.130859375,32698.810546875
2023-06-27,7461.5,4378.41015625,19148.130859375,32538.330078125
2023-06-28,7500.5,4376.85986328125,19172.05078125,33193.98828125
2023-06-29,7471.7001953125,4396.43994140625,18934.359375,33234.140625
2023-06-30,7531.5,4450.3798828125,18916.4296875,33189.0390625
2023-07-03,7527.2998046875,4455.58984375,19306.58984375,33753.328125
2023-07-04,7519.7001953125,4455.58984375,19415.6796875,33422.51953125
2023-07-05,7442.10009765625,4446.81982421875,19110.380859375,33338.69921875
2023-07-06,7280.5,4411.58984375,18533.05078125,32773.01953125
2023-07-07,7256.89990234375,4398.9501953125,18365.69921875,32388.419921875
2023-07-10,7273.7998046875,4409.52978515625,18479.720703125,32189.73046875
2023-07-11,7282.5,4439.259765625,18659.830078125,32203.5703125
2023-07-12,7416.10009765625,4472.16015625,18860.94921875,31943.9296875
2023-07-13,7440.2001953125,4510.0400390625,19350.619140625,32419.330078125
2023-07-14,7434.60009765625,4505.419921875,19413.779296875,32391.259765625
2023-07-17,7406.39990234375,4522.7900390625,19413.779296875,32391.259765625
2023-07-18,7453.7001953125,4554.97998046875,19015.720703125,32493.890625
2023-07-19,7588.2001953125,4565.72021484375,18952.310546875,32896.03125
2023-07-20,7646.10009765625,4534.8701171875,18928.01953125,32490.51953125
2023-07-21,7663.7001953125,4536.33984375,19075.259765625,32304.25
2023-07-24,7678.60009765625,4554.64013671875,18668.150390625,32700.939453125
2023-07-25,7691.7998046875,4567.4599609375,19434.400390625,32682.509765625
2023-07-26,7676.89990234375,4566.75,19365.140625,32668.33984375
2023-07-27,7692.7998046875,4537.41015625,19639.109375,32891.16015625
2023-07-28,7694.2998046875,4582.22998046875,19916.560546875,32759.23046875
2023-07-31,7699.39990234375,4588.9599609375,20078.939453125,33172.21875
2023-08-01,7666.2998046875,4576.72998046875,20011.119140625,33476.578125
2023-08-02,7561.60009765625,4513.39013671875,19517.380859375,32707.689453125
2023-08-03,7529.2001953125,4501.89013671875,19420.869140625,32159.279296875
2023-08-04,7564.39990234375,4478.02978515625,19539.4609375,32192.75
2023-08-07,7554.5,4518.43994140625,19537.919921875,32254.560546875
2023-08-08,7527.39990234375,4499.3798828125,19184.169921875,32377.2890625
2023-08-09,7587.2998046875,4467.7099609375,19246.029296875,32204.330078125
2023-08-10,7618.60009765625,4468.830078125,19248.259765625,32473.650390625
2023-08-11,7524.2001953125,4464.0498046875,19075.189453125,32473.650390625
2023-08-14,7507.2001953125,4489.72021484375,18773.55078125,32059.91015625
2023-08-15,7389.60009765625,4437.85986328125,18581.109375,32238.890625
2023-08-16,7356.89990234375,4404.330078125,18329.30078125,31766.8203125
2023-08-17,7310.2001953125,4370.35986328125,18326.630859375,31626.0
2023-08-18,7262.39990234375,4369.7099609375,17950.849609375,31450.759765625
2023-08-21,7257.7998046875,4399.77001953125,17623.2890625,31565.640625
2023-08-22,7270.7998046875,4387.5498046875,17791.009765625,31856.7109375
2023-08-23,7320.5,4436.009765625,17845.919921875,32010.259765625
2023-08-24,7333.60009765625,4376.31005859375,18212.169921875,32287.2109375
2023-08-25,7338.60009765625,4405.7099609375,18119.390625,31624.279296875
2023-08-28,7338.60009765625,4433.31005859375,18130.740234375,32169.990234375
2023-08-29,7465.0,4497.6298828125,18484.029296875,32226.970703125
2023-08-30,7473.7001953125,4514.8701171875,18482.859375,32333.4609375
2023-08-31,7439.10009765625,4507.66015625,18382.060546875,32619.33984375
2023-09-01,7464.5,4515.77001953125,18382.060546875,32710.619140625
2023-09-04,7452.7998046875,4515.77001953125,18844.16015625,32939.1796875
2023-09-05,7437.89990234375,4496.830078125,18456.91015625,33036.76171875
2023-09-06,7426.10009765625,4465.47998046875,18449.98046875,33241.01953125
2023-09-07,7441.7001953125,4451.14013671875,18202.0703125,32991.078125
2023-09-08,7478.2001953125,4457.490234375,18202.0703125,32606.83984375
2023-09-11,7496.89990234375,4487.4599609375,18096.44921875,32467.759765625
2023-09-12,7527.5,4461.89990234375,18025.890625,32776.37109375
2023-09-13,7526.0,4467.43994140625,18009.220703125,32706.51953125
2023-09-14,7673.10009765625,4505.10009765625,18047.919921875,33168.1015625
2023-09-15,7711.39990234375,4450.31982421875,18182.890625,33533.08984375
2023-09-18,7652.89990234375,4453.52978515625,17930.55078125,33533.08984375
2023-09-19,7660.2001953125,4443.9501953125,17997.169921875,33242.58984375
2023-09-20,7731.7001953125,4402.2001953125,17885.599609375,33023.78125
2023-09-21,7678.60009765625,4330.0,17655.41015625,32571.029296875
2023-09-22,7683.89990234375,4320.06005859375,18057.44921875,32402.41015625
2023-09-25,7624.0,4337.43994140625,17729.2890625,32678.619140625
2023-09-26,7625.7001953125,4273.52978515625,17466.900390625,32315.05078125
2023-09-27,7593.2001953125,4274.509765625,17611.869140625,32371.900390625
2023-09-28,7601.89990234375,4299.7001953125,17373.029296875,31872.51953125
2023-09-29,7608.10009765625,4288.0498046875,17809.66015625,31857.619140625
2023-10-02,7510.7001953125,4288.39013671875,17809.66015625,31759.880859375
2023-10-03,7470.2001953125,4229.4501953125,17331.220703125,31237.939453125
2023-10-04,7412.5,4263.75,17195.83984375,30526.880859375
2023-10-05,7451.5,4258.18994140625,17213.869140625,31075.359375
2023-10-06,7494.60009765625,4308.5,17485.98046875,30994.669921875
2023-10-09,7492.2001953125,4335.66015625,17517.400390625,30994.669921875
2023-10-10,7628.2001953125,4358.240234375,17664.73046875,31746.529296875
2023-10-11,7620.0,4376.9501953125,17893.099609375,31936.509765625
2023-10-12,7644.7998046875,4349.60986328125,18238.2109375,32494.66015625
2023-10-13,7599.60009765625,4327.77978515625,17813.44921875,32315.990234375
2023-10-16,7630.60009765625,4373.6298828125,17640.359375,31659.029296875
2023-10-17,7675.2001953125,4373.2001953125,17773.33984375,32040.2890625
2023-10-18,7588.0,4314.60009765625,17732.51953125,32042.25
2023-10-19,7499.5,4278.0,17295.890625,31430.619140625
2023-10-20,7402.10009765625,4224.16015625,17172.130859375,31259.359375
2023-10-23,7374.7998046875,4217.0400390625,17172.130859375,30999.55078125
2023-10-24,7389.7001953125,4247.68017578125,16991.529296875,31062.349609375
2023-10-25,7414.2998046875,4186.77001953125,17085.330078125,31269.919921875
2023-10-26,7354.60009765625,4137.22998046875,17044.609375,30601.779296875
2023-10-27,7291.2998046875,4117.3701171875,17398.73046875,30991.689453125
2023-10-30,7327.39990234375,4166.81982421875,17406.359375,30696.9609375
2023-10-31,7321.7001953125,4193.7998046875,17112.48046875,30858.849609375
2023-11-01,7342.39990234375,4237.85986328125,17101.779296875,31601.650390625
2023-11-02,7446.5,4317.77978515625,17230.58984375,31949.890625
2023-11-03,7417.7001953125,4358.33984375,17664.119140625,31949.890625
2023-11-06,7417.7998046875,4365.97998046875,17966.58984375,32708.48046875
2023-11-07,7410.0,4378.3798828125,17670.16015625,32271.8203125
2023-11-08,7401.7001953125,4382.77978515625,17568.4609375,32166.48046875
2023-11-09,7455.7001953125,4347.35009765625,17511.2890625,32646.4609375
2023-11-10,7360.60009765625,4415.240234375,17203.259765625,32568.109375
2023-11-13,7425.7998046875,4411.5498046875,17426.2109375,32585.109375
2023-11-14,7440.5,4495.7001953125,17396.859375,32695.9296875
2023-11-15,7486.89990234375,4502.8798828125,18079.0,33519.69921875
2023-11-16,7411.0,4508.240234375,17832.8203125,33424.41015625
2023-11-17,7504.2998046875,4514.02001953125,17454.189453125,33585.19921875
2023-11-20,7496.39990234375,4547.3798828125,17778.0703125,33388.03125
2023-11-21,7482.0,4538.18994140625,17733.890625,33354.140625
2023-11-22,7469.5,4556.6201171875,17734.599609375,33451.828125
2023-11-23,7483.60009765625,4556.6201171875,17910.83984375,33451.828125
2023-11-24,7488.2001953125,4559.33984375,17559.419921875,33625.53125
2023-11-27,7460.7001953125,4550.43017578125,17525.060546875,33447.671875
2023-11-28,7455.2001953125,4554.89013671875,17354.140625,33408.390625
2023-11-29,7423.5,4550.580078125,16993.439453125,33321.21875
2023-11-30,7453.7998046875,4567.7998046875,17042.880859375,33486.890625
2023-12-01,7529.39990234375,4594.6298828125,16830.30078125,33431.51171875
2023-12-04,7513.0,4569.77978515625,16646.05078125,33231.26953125
2023-12-05,7489.7998046875,4567.18017578125,16327.8603515625,32775.8203125
2023-12-06,7515.39990234375,4549.33984375,16463.259765625,33445.8984375
2023-12-07,7513.7001953125,4585.58984375,16345.8896484375,32858.30859375
2023-12-08,7554.5,4604.3701171875,16334.3701171875,32307.859375
2023-12-11,7544.89990234375,4622.43994140625,16201.490234375,32791.80078125
2023-12-12,7542.7998046875,4643.7001953125,16374.5,32843.69921875
2023-12-13,7548.39990234375,4707.08984375,16228.75,32926.3515625
2023-12-14,7649.0,4719.5498046875,16402.189453125,32686.25
2023-12-15,7576.39990234375,4719.18994140625,16792.189453125,32970.55078125
2023-12-18,7614.5,4740.56005859375,16629.23046875,32758.98046875
2023-12-19,7638.0,4768.3701171875,16505.0,33219.390625
2023-12-20,7715.7001953125,4698.35009765625,16613.810546875,33675.94140625
2023-12-21,7694.7001953125,4746.75,16621.130859375,33140.46875
2023-12-22,7697.5,4754.6298828125,16340.41015625,33169.05078125
2023-12-25,7697.5,4754.6298828125,16340.41015625,33254.03125
2023-12-26,7697.5,4774.75,16340.41015625,33305.8515625
2023-12-27,7725.0,4781.580078125,16624.83984375,33681.23828125
2023-12-28,7722.7001953125,4783.35009765625,17043.529296875,33539.62109375
2023-12-29,7733.2001953125,4769.830078125,17047.390625,33464.171875
2024-01-02,7721.5,4742.830078125,16788.55078125,33464.171875
2024-01-03,7682.2998046875,4704.81005859375,16646.41015625,33464.171875
2024-01-04,7723.10009765625,4688.68017578125,16645.98046875,33288.2890625
2024-01-05,7689.60009765625,4697.240234375,16535.330078125,33377.421875
2024-01-08,7694.2001953125,4763.5400390625,16224.4501953125,33377.421875
2024-01-09,7684.0,4756.5,16190.01953125,33763.1796875
2024-01-10,7651.7998046875,4783.4501953125,16097.2802734375,34441.71875
2024-01-11,7576.60009765625,4780.240234375,16302.0400390625,35049.859375
2024-01-12,7624.89990234375,4783.830078125,16244.580078125,35577.109375
2024-01-15,7594.89990234375,4783.830078125,16216.330078125,35901.7890625
2024-01-16,7558.2998046875,4765.97998046875,15865.919921875,35619.1796875
2024-01-17,7446.2998046875,4739.2099609375,15276.900390625,35477.75
2024-01-18,7459.10009765625,4780.93994140625,15391.7900390625,35466.171875
2024-01-19,7461.89990234375,4839.81005859375,15308.6904296875,35963.26953125
2024-01-22,7487.7001953125,4850.43017578125,14961.1796875,36546.94921875
2024-01-23,7485.7001953125,4864.60009765625,15353.98046875,36517.5703125
2024-01-24,7527.7001953125,4868.5498046875,15899.8701171875,36226.48046875
2024-01-25,7529.7001953125,4894.16015625,16211.9599609375,36236.46875
2024-01-26,7635.10009765625,4890.97021484375,15952.23046875,35751.0703125
2024-01-29,7632.7001953125,4927.93017578125,16077.240234375,36026.94140625
2024-01-30,7666.2998046875,4924.97021484375,15703.4501953125,36065.859375
2024-01-31,7630.60009765625,4845.64990234375,15485.0703125,36286.7109375
2024-02-01,7622.2001953125,4906.18994140625,15566.2099609375,36011.4609375
2024-02-02,7615.5,4958.60986328125,15533.5595703125,36158.01953125
2024-02-05,7612.89990234375,4942.81005859375,15510.009765625,36354.16015625
2024-02-06,7681.0,4954.22998046875,16136.8701171875,36160.66015625
2024-02-07,7628.7998046875,4995.06005859375,16081.8896484375,36119.921875
2024-02-08,7595.5,4997.91015625,15878.0703125,36863.28125
2024-02-09,7572.60009765625,5026.60986328125,15746.580078125,36897.421875
2024-02-12,7573.7001953125,5021.83984375,15746.580078125,36897.421875
2024-02-13,7512.2998046875,4953.169921875,15746.580078125,37963.96875
2024-02-14,7568.39990234375,5000.6201171875,15879.3798828125,37703.3203125
2024-02-15,7597.5,5029.72998046875,15944.6298828125,38157.94140625
2024-02-16,7711.7001953125,5005.56982421875,16339.9599609375,38487.23828125
2024-02-19,7728.5,5005.56982421875,16155.6103515625,38470.37890625
2024-02-20,7719.2001953125,4975.509765625,16247.509765625,38363.609375
2024-02-21,7662.5,4981.7998046875,16503.099609375,38262.16015625
2024-02-22,7684.5,5087.02978515625,16742.94921875,39098.6796875
2024-02-23,7706.2998046875,5088.7998046875,16725.859375,39098.6796875
2024-02-26,7684.2998046875,5069.52978515625,16634.740234375,39233.7109375
2024-02-27,7683.0,5078.18017578125,16790.80078125,39239.51953125
2024-02-28,7625.0,5069.759765625,16536.849609375,39208.03125
2024-02-29,7630.0,5096.27001953125,16511.439453125,39166.19140625
2024-03-01,7682.5,5137.080078125,16589.439453125,39910.8203125
2024-03-04,7640.2998046875,5130.9501953125,16595.970703125,40109.23046875
2024-03-05,7646.2001953125,5078.64990234375,16162.6396484375,40097.62890625
2024-03-06,7679.2998046875,5104.759765625,16438.08984375,40090.78125
2024-03-07,7692.5,5157.35986328125,16229.7802734375,39598.7109375
2024-03-08,7659.7001953125,5123.68994140625,16353.3896484375,39688.94140625
2024-03-11,7669.2001953125,5117.93994140625,16587.5703125,38820.48828125
2024-03-12,7747.7998046875,5175.27001953125,17093.5,38797.51171875
2024-03-13,7772.2001953125,5165.31005859375,17082.109375,38695.96875
2024-03-14,7743.2001953125,5150.47998046875,16961.66015625,38807.37890625
2024-03-15,7727.39990234375,5117.08984375,16720.890625,38707.640625
2024-03-18,7722.60009765625,5149.419921875,16737.119140625,39740.44140625
2024-03-19,7738.2998046875,5178.509765625,16529.48046875,40003.6015625
2024-03-20,7737.39990234375,5224.6201171875,16543.0703125,40003.6015625
2024-03-21,7882.60009765625,5241.52978515625,16863.099609375,40815.66015625
2024-03-22,7930.89990234375,5234.18017578125,16499.470703125,40888.4296875
2024-03-25,7917.60009765625,5218.18994140625,16473.640625,40414.12109375
2024-03-26,7931.0,5203.580078125,16618.3203125,40398.03125
2024-03-27,7932.0,5248.490234375,16392.83984375,40762.73046875
2024-03-28,7952.60009765625,5254.35009765625,16541.419921875,40168.0703125
2024-03-29,7952.60009765625,5254.35009765625,16541.419921875,40369.44140625
2024-04-01,7952.60009765625,5243.77001953125,16541.419921875,39803.08984375
2024-04-02,7935.10009765625,5205.81005859375,16931.51953125,39838.91015625
2024-04-03,7937.39990234375,5211.490234375,16725.099609375,39451.8515625
2024-04-04,7975.89990234375,5147.2099609375,16725.099609375,39773.140625
2024-04-05,7911.2001953125,5204.33984375,16723.919921875,38992.078125
2024-04-08,7943.5,5202.39013671875,16732.849609375,39347.0390625
2024-04-09,7934.7998046875,5209.91015625,16828.0703125,39773.12890625
2024-04-10,7961.2001953125,5160.64013671875,17139.169921875,39581.80859375
2024-04-11,7923.7998046875,5199.06005859375,17095.029296875,39442.62890625
2024-04-12,7995.60009765625,5123.41015625,16721.689453125,39523.55078125
2024-04-15,7965.5,5061.81982421875,16600.4609375,39232.80078125
2024-04-16,7820.39990234375,5051.41015625,16248.9697265625,38471.19921875
2024-04-17,7848.0,5022.2099609375,16251.83984375,37961.80078125
2024-04-18,7877.10009765625,5011.1201171875,16385.869140625,38079.69921875
2024-04-19,7895.89990234375,4967.22998046875,16224.1396484375,37068.3515625
2024-04-22,8023.89990234375,5010.60009765625,16511.689453125,37438.609375
2024-04-23,8044.7998046875,5070.5498046875,16828.9296875,37552.16015625
2024-04-24,8040.39990234375,5071.6298828125,17201.26953125,38460.078125
2024-04-25,8078.89990234375,5048.419921875,17284.5390625,37628.48046875
2024-04-26,8139.7998046875,5099.9599609375,17651.150390625,37934.76171875
2024-04-29,8147.0,5116.169921875,17746.91015625,37934.76171875
2024-04-30,8144.10009765625,5035.68994140625,17763.029296875,38405.66015625
2024-05-01,8121.2001953125,5018.39013671875,17763.029296875,38274.05078125
2024-05-02,8172.2001953125,5064.2001953125,18207.130859375,38236.0703125
2024-05-03,8213.5,5127.7900390625,18475.919921875,38236.0703125
2024-05-06,8213.5,5180.740234375,18578.30078125,38236.0703125
2024-05-07,8313.7001953125,5187.7001953125,18479.369140625,38835.1015625
2024-05-08,8354.099609375,5187.669921875,18313.859375,38202.37109375
2024-05-09,8381.400390625,5214.080078125,18537.810546875,38073.98046875
2024-05-10,8433.7998046875,5222.68017578125,18963.6796875,38229.109375
2024-05-13,8415.0,5221.419921875,19115.060546875,38179.4609375
2024-05-14,8428.099609375,5246.68017578125,19073.7109375,38356.05859375
2024-05-15,8445.7998046875,5308.14990234375,19073.7109375,38385.73046875
2024-05-16,8438.7001953125,5297.10009765625,19376.529296875,38920.26171875
2024-05-17,8420.2998046875,5303.27001953125,19553.609375,38787.37890625
2024-05-20,8424.2001953125,5308.1298828125,19636.220703125,39069.6796875
2024-05-21,8416.5,5321.41015625,19220.619140625,38946.9296875
2024-05-22,8370.2998046875,5307.009765625,19195.599609375,38617.1015625
2024-05-23,8339.2001953125,5267.83984375,18868.7109375,39103.21875
2024-05-24,8317.599609375,5304.72021484375,18608.939453125,38646.109375
2024-05-27,8317.599609375,5304.72021484375,18827.349609375,38900.01953125
2024-05-28,8254.2001953125,5306.0400390625,18821.16015625,38855.37109375
2024-05-29,8183.10009765625,5266.9501953125,18477.009765625,38556.87109375
2024-05-30,8231.099609375,5235.47998046875,18230.189453125,38054.12890625
2024-05-31,8275.400390625,5277.509765625,18079.609375,38487.8984375
2024-06-03,8262.7998046875,5283.39990234375,18403.0390625,38923.03125
2024-06-04,8232.0,5291.33984375,18444.109375,38837.4609375
2024-06-05,8247.0,5354.02978515625,18424.9609375,38490.171875
2024-06-06,8285.2998046875,5352.9599609375,18476.80078125,38703.51171875
2024-06-07,8245.400390625,5346.990234375,18366.94921875,38683.9296875
2024-06-10,8228.5,5360.7900390625,18366.94921875,39038.16015625
2024-06-11,8147.7998046875,5375.31982421875,18176.33984375,39134.7890625
2024-06-12,8215.5,5421.02978515625,17937.83984375,38876.7109375
2024-06-13,8163.7001953125,5433.740234375,18112.630859375,38720.46875
2024-06-14,8146.89990234375,5431.60009765625,17941.779296875,38814.55859375
2024-06-17,8142.2001953125,5473.22998046875,17936.119140625,38102.44140625
2024-06-18,8191.2998046875,5487.02978515625,17915.55078125,38482.109375
2024-06-19,8205.099609375,5487.02978515625,18430.390625,38570.76171875
2024-06-20,8272.5,5473.169921875,18335.3203125,38633.01953125
2024-06-21,8237.7001953125,5464.6201171875,18028.51953125,38596.46875
2024-06-24,8281.599609375,5447.8701171875,18027.7109375,38804.6484375
2024-06-25,8247.7998046875,5469.2998046875,18072.900390625,39173.1484375
2024-06-26,8225.2998046875,5477.89990234375,18089.9296875,39667.0703125
2024-06-27,8179.7001953125,5482.8701171875,17716.470703125,39341.5390625
2024-06-28,8164.10009765625,5460.47998046875,17718.609375,39583.078125
2024-07-01,8166.7998046875,5475.08984375,17718.609375,39631.05859375
2024-07-02,8121.2001953125,5509.009765625,17769.140625,40074.69140625
2024-07-03,8171.10009765625,5537.02001953125,17978.5703125,40580.76171875
2024-07-04,8241.2998046875,5537.02001953125,18028.279296875,40913.6484375
2024-07-05,8203.900390625,5567.18994140625,17799.609375,40912.37109375
2024-07-08,8193.5,5572.85009765625,17524.060546875,40780.69921875
2024-07-09,8139.7998046875,5576.97998046875,17523.23046875,41580.171875
2024-07-10,8193.5,5633.91015625,17471.669921875,41831.98828125
2024-07-11,8223.2998046875,5584.5400390625,17832.330078125,42224.01953125
2024-07-12,8252.900390625,5615.35009765625,18293.380859375,41190.6796875
2024-07-15,8183.0,5631.22021484375,18015.939453125,41190.6796875
2024-07-16,8164.89990234375,5667.2001953125,17727.98046875,41275.078125
2024-07-17,8187.5,5588.27001953125,17739.41015625,41097.69140625
2024-07-18,8204.900390625,5544.58984375,17778.41015625,40126.3515625
2024-07-19,8155.7001953125,5505.0,17417.6796875,40063.7890625
2024-07-22,8198.7998046875,5564.41015625,17635.880859375,39599.0
2024-07-23,8167.39990234375,5555.740234375,17469.359375,39594.390625
2024-07-24,8153.7001953125,5427.1298828125,17311.05078125,39154.8515625
2024-07-25,8186.39990234375,5399.22021484375,17021.91015625,37869.51171875
2024-07-26,8285.7001953125,5459.10009765625,17021.310546875,37667.41015625
2024-07-29,8292.400390625,5463.5400390625,17238.33984375,38468.62890625
2024-07-30,8274.400390625,5436.43994140625,17002.91015625,38525.94921875
2024-07-31,8368.0,5522.2998046875,17344.599609375,39101.8203125
2024-08-01,8283.400390625,5446.68017578125,17304.9609375,38126.328125
2024-08-02,8174.7001953125,5346.56005859375,16945.509765625,35909.69921875
2024-08-05,8008.2001953125,5186.330078125,16698.359375,31458.419921875
2024-08-06,8026.7001953125,5240.02978515625,16647.33984375,34675.4609375
2024-08-07,8166.89990234375,5199.5,16877.859375,35089.62109375
2024-08-08,8145.0,5319.31005859375,16891.830078125,34831.1484375
2024-08-09,8168.10009765625,5344.16015625,17090.23046875,35025.0
2024-08-12,8210.2998046875,5344.39013671875,17111.650390625,35025.0
2024-08-13,8235.2001953125,5434.43017578125,17174.060546875,36232.51171875
2024-08-14,8281.099609375,5455.2099609375,17113.359375,36442.4296875
2024-08-15,8347.400390625,5543.22021484375,17109.140625,36726.640625
2024-08-16,8311.400390625,5554.25,17430.16015625,38062.671875
2024-08-19,8356.900390625,5608.25,17569.5703125,37388.62109375
2024-08-20,8273.2998046875,5597.1201171875,17511.080078125,38062.921875
2024-08-21,8283.400390625,5620.85009765625,17391.009765625,37951.80078125
2024-08-22,8288.0,5570.64013671875,17641.0,38211.01171875
2024-08-23,8327.7998046875,5634.60986328125,17612.099609375,38364.26953125
2024-08-26,8327.7998046875,5616.83984375,17798.73046875,38110.21875
2024-08-27,8345.5,5625.7998046875,17874.669921875,38288.62109375
2024-08-28,8343.900390625,5592.18017578125,17692.44921875,38371.76171875
2024-08-29,8379.599609375,5591.9599609375,17786.3203125,38362.53125
2024-08-30,8376.599609375,5648.39990234375,17989.0703125,38647.75
2024-09-02,8363.7998046875,5648.39990234375,17691.970703125,38700.87109375
2024-09-03,8298.5,5528.93017578125,17651.490234375,38686.30859375
2024-09-04,8269.599609375,5520.06982421875,17457.33984375,37047.609375
2024-09-05,8241.7001953125,5503.41015625,17444.30078125,36657.08984375
2024-09-06,8181.5,5408.419921875,17444.30078125,36391.46875
2024-09-09,8270.7998046875,5471.0498046875,17196.9609375,36215.75
2024-09-10,8206.0,5495.52001953125,17234.08984375,36159.16015625
2024-09-11,8193.900390625,5554.1298828125,17108.7109375,35619.76953125
2024-09-12,8241.0,5595.759765625,17240.390625,36833.26953125
2024-09-13,8273.099609375,5626.02001953125,17369.08984375,36581.76171875
2024-09-16,8278.400390625,5633.08984375,17422.119140625,36581.76171875
2024-09-17,8309.900390625,5634.580078125,17660.01953125,36203.21875
2024-09-18,8253.7001953125,5618.259765625,17660.01953125,36380.171875
2024-09-19,8328.7001953125,5713.64013671875,18013.16015625,37155.328125
2024-09-20,8230.0,5702.5498046875,18258.5703125,37723.91015625
2024-09-23,8259.7001953125,5718.56982421875,18247.109375,37723.91015625
2024-09-24,8282.7998046875,5732.93017578125,19000.560546875,37940.58984375
2024-09-25,8268.7001953125,5722.259765625,19129.099609375,37870.26171875
2024-09-26,8284.900390625,5745.3701171875,19924.580078125,38925.62890625
2024-09-27,8320.7998046875,5738.169921875,20632.30078125,39829.55859375
2024-09-30,8237.0,5762.47998046875,21133.6796875,37919.55078125
2024-10-01,8276.7001953125,5708.75,21133.6796875,38651.96875
2024-10-02,8290.900390625,5709.5400390625,22443.73046875,37808.76171875
2024-10-03,8282.5,5699.93994140625,22113.509765625,38552.05859375
2024-10-04,8280.599609375,5751.06982421875,22736.869140625,38635.62109375
2024-10-07,8303.599609375,5695.93994140625,23099.779296875,39332.73828125
2024-10-08,8190.60009765625,5751.1298828125,20926.7890625,38937.5390625
2024-10-09,8243.7001953125,5792.0400390625,20637.240234375,39277.9609375
2024-10-10,8237.7001953125,5780.0498046875,21251.98046875,39380.890625
2024-10-11,8253.7001953125,5815.02978515625,21251.98046875,39605.80078125
2024-10-14,8292.7001953125,5859.85009765625,21092.869140625,39605.80078125
2024-10-15,8249.2998046875,5815.259765625,20318.7890625,39910.55078125
2024-10-16,8329.099609375,5842.47021484375,20286.849609375,39180.30078125
2024-10-17,8385.099609375,5841.47021484375,20079.099609375,38911.19140625
2024-10-18,8358.2998046875,5864.669921875,20804.109375,38981.75
2024-10-21,8318.2001953125,5853.97998046875,20478.4609375,38954.6015625
2024-10-22,8306.5,5851.2001953125,20498.94921875,38411.9609375
2024-10-23,8258.599609375,5797.419921875,20760.150390625,38104.859375
2024-10-24,8269.400390625,5809.85986328125,20489.619140625,38143.2890625
2024-10-25,8248.7998046875,5808.1201171875,20590.150390625,37913.921875
2024-10-28,8285.599609375,5823.52001953125,20599.359375,38605.53125
2024-10-29,8219.599609375,5832.919921875,20701.140625,38903.6796875
2024-10-30,8159.60009765625,5813.669921875,20380.640625,39277.390625
2024-10-31,8110.10009765625,5705.4501953125,20317.330078125,39081.25
2024-11-01,8177.2001953125,5728.7998046875,20506.4296875,38053.671875
2024-11-04,8184.2001953125,5712.68994140625,20567.51953125,38053.671875
2024-11-05,8172.39990234375,5782.759765625,21006.970703125,38474.8984375
2024-11-06,8166.7001953125,5929.0400390625,20538.380859375,39480.671875
2024-11-07,8140.7001953125,5973.10009765625,20953.33984375,39381.41015625
2024-11-08,8072.39990234375,5995.5400390625,20728.189453125,39500.37109375
2024-11-11,8125.2001953125,6001.35009765625,20426.9296875,39533.3203125
2024-11-12,8025.7998046875,5983.990234375,19846.880859375,39376.08984375
2024-11-13,8030.2998046875,5985.3798828125,19823.44921875,38721.66015625
2024-11-14,8071.2001953125,5949.169921875,19435.810546875,38535.69921875
2024-11-15,8063.60009765625,5870.6201171875,19426.33984375,38642.91015625
2024-11-18,8109.2998046875,5893.6201171875,19576.609375,38220.8515625
2024-11-19,8099.0,5916.97998046875,19663.669921875,38414.4296875
2024-11-20,8085.10009765625,5917.10986328125,19705.009765625,38352.33984375
2024-11-21,8149.2998046875,5948.7099609375,19601.109375,38026.171875
2024-11-22,8262.099609375,5969.33984375,19229.970703125,38283.8515625
2024-11-25,8291.7001953125,5987.3701171875,19150.990234375,38780.140625
2024-11-26,8258.599609375,6021.6298828125,19159.19921875,38442.0
2024-11-27,8274.7998046875,5998.740234375,19603.130859375,38134.96875
2024-11-28,8281.2001953125,5998.740234375,19366.9609375,38349.05859375
2024-11-29,8287.2998046875,6032.3798828125,19423.609375,38208.03125
2024-12-02,8312.900390625,6047.14990234375,19550.2890625,38513.01953125
2024-12-03,8359.400390625,6049.8798828125,19746.3203125,39248.859375
2024-12-04,8335.7998046875,6086.490234375,19742.4609375,39276.390625
2024-12-05,8349.400390625,6075.10986328125,19560.439453125,39395.6015625
2024-12-06,8308.599609375,6090.27001953125,19865.849609375,39091.171875
2024-12-09,8352.099609375,6052.85009765625,20414.08984375,39160.5
2024-12-10,8280.400390625,6034.91015625,20311.279296875,39367.578125
2024-12-11,8301.599609375,6084.18994140625,20155.05078125,39372.23046875
2024-12-12,8311.7998046875,6051.25,20397.05078125,39849.140625
2024-12-13,8300.2998046875,6051.08984375,19971.240234375,39470.44140625
2024-12-16,8262.099609375,6074.080078125,19795.490234375,39457.48828125
2024-12-17,8195.2001953125,6050.60986328125,19700.48046875,39364.6796875
2024-12-18,8199.099609375,5872.16015625,19864.55078125,39081.7109375
2024-12-19,8105.2998046875,5867.080078125,19752.509765625,38813.578125
2024-12-20,8084.60009765625,5930.85009765625,19720.69921875,38701.8984375
2024-12-23,8102.7001953125,5974.06982421875,19883.130859375,39161.33984375
2024-12-24,8137.0,6040.0400390625,20098.2890625,39036.8515625
2024-12-25,8137.0,6040.0400390625,20098.2890625,39130.4296875
2024-12-26,8137.0,6037.58984375,20098.2890625,39568.05859375
2024-12-27,8149.7998046875,5970.83984375,20090.4609375,40281.16015625
2024-12-30,8121.0,5906.93994140625,20041.419921875,39894.5390625
2024-12-31,8173.0,5881.6298828125,20059.94921875,39894.5390625
2025-01-02,8260.099609375,5868.5498046875,19623.3203125,39894.5390625
2025-01-03,8224.0,5942.47021484375,19760.26953125,39894.5390625
2025-01-06,8249.7001953125,5975.3798828125,19688.2890625,39307.05078125
2025-01-07,8245.2998046875,5909.02978515625,19447.580078125,40083.30078125
2025-01-08,8251.0,5918.25,19279.83984375,39981.05859375
2025-01-09,8319.7001953125,5918.25,19240.890625,39605.08984375
2025-01-10,8248.5,5827.0400390625,19064.2890625,39190.3984375
2025-01-13,8224.2001953125,5836.22021484375,18874.140625,39190.3984375
2025-01-14,8201.5,5842.91015625,19219.779296875,38474.30078125
2025-01-15,8301.099609375,5949.91015625,19286.0703125,38444.578125
2025-01-16,8391.900390625,5937.33984375,19522.890625,38572.6015625
2025-01-17,8505.2001953125,5996.66015625,19584.060546875,38451.4609375
2025-01-20,8520.5,5996.66015625,19925.810546875,38902.5
2025-01-21,8548.2998046875,6049.240234375,20106.55078125,39027.98046875
2025-01-22,8545.099609375,6086.3701171875,19778.76953125,39646.25
2025-01-23,8565.2001953125,6118.7099609375,19700.560546875,39958.87109375
2025-01-24,8502.400390625,6101.240234375,20066.189453125,39931.98046875
2025-01-27,8503.7001953125,6012.27978515625,20197.76953125,39565.80078125
2025-01-28,8533.900390625,6067.7001953125,20225.109375,39016.87109375
2025-01-29,8557.7998046875,6039.31005859375,20225.109375,39414.78125
2025-01-30,8646.900390625,6071.169921875,20225.109375,39513.96875
2025-01-31,8674.0,6040.52978515625,20225.109375,39572.48828125
2025-02-03,8583.599609375,5994.56982421875,20217.259765625,38520.08984375
2025-02-04,8570.7998046875,6037.8798828125,20789.9609375,38798.37109375
2025-02-05,8623.2998046875,6061.47998046875,20597.08984375,38831.48046875
2025-02-06,8727.2998046875,6083.56982421875,20891.619140625,39066.53125
2025-02-07,8700.5,6025.990234375,21133.5390625,38787.01953125
2025-02-10,8767.7998046875,6066.43994140625,21521.98046875,38801.171875
2025-02-11,8777.400390625,6068.5,21294.859375,38801.171875
2025-02-12,8807.400390625,6051.97021484375,21857.919921875,38963.69921875
2025-02-13,8764.7001953125,6115.06982421875,21814.369140625,39461.46875
2025-02-14,8732.5,6114.6298828125,22620.330078125,39149.4296875
2025-02-17,8768.0,6114.6298828125,22616.23046875,39174.25
2025-02-18,8766.7001953125,6129.580078125,22976.810546875,39270.3984375
2025-02-19,8712.5,6144.14990234375,22944.240234375,39164.609375
2025-02-20,8663.0,6117.52001953125,22576.98046875,38678.0390625
2025-02-21,8659.400390625,6013.1298828125,23477.919921875,38776.94140625
2025-02-24,8659.0,5983.25,23341.609375,38776.94140625
2025-02-25,8668.7001953125,5955.25,23034.01953125,38237.7890625
2025-02-26,8731.5,5956.06005859375,23787.9296875,38142.37109375
2025-02-27,8756.2001953125,5861.56982421875,23718.2890625,38256.171875
2025-02-28,8809.7001953125,5954.5,22941.3203125,37155.5
2025-03-03,8871.2998046875,5849.72021484375,23006.26953125,37785.46875
2025-03-04,8759.0,5778.14990234375,22941.76953125,37331.1796875
2025-03-05,8755.7998046875,5842.6298828125,23594.2109375,37418.23828125
2025-03-06,8682.7998046875,5738.52001953125,24369.7109375,37704.9296875
2025-03-07,8679.900390625,5770.2001953125,24231.30078125,36887.171875
2025-03-10,8600.2001953125,5614.56005859375,23783.490234375,37028.26953125
2025-03-11,8496.0,5572.06982421875,23782.140625,36793.109375
2025-03-12,8541.0,5599.2998046875,23600.310546875,36819.08984375
2025-03-13,8542.599609375,5521.52001953125,23462.650390625,36790.03125
2025-03-14,8632.2998046875,5638.93994140625,23959.98046875,37053.1015625
2025-03-17,8680.2998046875,5675.1201171875,24145.5703125,37396.51953125
2025-03-18,8705.2001953125,5614.66015625,24740.5703125,37845.421875
2025-03-19,8706.7001953125,5675.2900390625,24771.140625,37751.87890625
2025-03-20,8702.0,5662.89013671875,24219.94921875,37751.87890625
2025-03-21,8646.7998046875,5667.56005859375,23689.720703125,37677.05859375
2025-03-24,8638.0,5767.56982421875,23905.560546875,37608.48828125
2025-03-25,8663.7998046875,5776.64990234375,23344.25,37780.5390625
2025-03-26,8689.599609375,5712.2001953125,23483.3203125,38027.2890625
2025-03-27,8666.099609375,5693.31005859375,23578.80078125,37799.96875
2025-03-28,8658.900390625,5580.93994140625,23426.599609375,37120.328125
2025-03-31,8582.7998046875,5611.85009765625,23119.580078125,35617.55859375
2025-04-01,8634.7998046875,5633.06982421875,23206.83984375,35624.48046875
2025-04-02,8608.5,5670.97021484375,23202.529296875,35725.87109375
2025-04-03,8474.7001953125,5396.52001953125,22849.810546875,34735.9296875
2025-04-04,8055.0,5074.080078125,22849.810546875,33780.578125
2025-04-07,7702.10009765625,5062.25,19828.30078125,31136.580078125
2025-04-08,7910.5,4982.77001953125,20127.6796875,33012.578125
2025-04-09,7679.5,5456.89990234375,20264.490234375,31714.029296875
2025-04-10,7913.2998046875,5268.0498046875,20681.779296875,34609.0
2025-04-11,7964.2001953125,5363.35986328125,20914.689453125,33585.578125
2025-04-14,8134.2998046875,5405.97021484375,21417.400390625,33982.359375
2025-04-15,8249.099609375,5396.6298828125,21466.26953125,34267.5390625
2025-04-16,8275.599609375,5275.7001953125,21056.98046875,33920.3984375
2025-04-17,8275.7001953125,5282.7001953125,21395.140625,34377.6015625
2025-04-18,8275.7001953125,5282.7001953125,21395.140625,34730.28125
2025-04-21,8275.7001953125,5158.2001953125,21395.140625,34279.921875
2025-04-22,8328.599609375,5287.759765625,21562.3203125,34220.6015625
2025-04-23,8403.2001953125,5375.85986328125,22072.619140625,34868.62890625
2025-04-24,8407.400390625,5484.77001953125,21909.759765625,35039.1484375
2025-04-25,8415.2998046875,5525.2099609375,21980.740234375,35705.73828125
2025-04-28,8417.2998046875,5528.75,21971.9609375,35839.98828125
2025-04-29,8463.5,5560.830078125,22008.109375,35839.98828125
2025-04-30,8494.900390625,5569.06005859375,22119.41015625,36045.37890625
2025-05-01,8496.7998046875,5604.14013671875,22119.41015625,36452.30078125
2025-05-02,8596.400390625,5686.669921875,22504.6796875,36830.69140625
2025-05-05,8596.400390625,5650.3798828125,22504.6796875,36830.69140625
2025-05-06,8597.400390625,5606.91015625,22662.7109375,36830.69140625
2025-05-07,8559.2998046875,5631.27978515625,22691.880859375,36779.66015625
2025-05-08,8531.599609375,5663.93994140625,22775.919921875,36928.62890625
2025-05-09,8554.7998046875,5659.91015625,22867.740234375,37503.328125
2025-05-12,8605.0,5844.18994140625,23549.4609375,37644.26171875
2025-05-13,8602.900390625,5886.5498046875,23108.26953125,38183.26171875
2025-05-14,8585.0,5892.580078125,23640.650390625,38128.12890625
2025-05-15,8633.7998046875,5916.93017578125,23453.16015625,37755.51171875
2025-05-16,8684.599609375,5958.3798828125,23345.05078125,37753.71875
2025-05-19,8699.2998046875,5963.60009765625,23332.720703125,37498.62890625
2025-05-20,8781.099609375,5940.4599609375,23681.48046875,37529.48828125
2025-05-21,8786.5,5844.60986328125,23827.779296875,37298.98046875
2025-05-22,8739.2998046875,5842.009765625,23544.310546875,36985.87109375
2025-05-23,8718.0,5802.81982421875,23601.259765625,37160.46875
2025-05-26,8718.0,5802.81982421875,23282.330078125,37531.53125
2025-05-27,8778.099609375,5921.5400390625,23381.990234375,37724.109375
2025-05-28,8726.0,5888.5498046875,23258.310546875,37722.3984375
2025-05-29,8716.5,5912.169921875,23573.380859375,38432.98046875
2025-05-30,8772.400390625,5911.68994140625,23289.76953125,37965.1015625
2025-06-02,8774.2998046875,5935.93994140625,23157.970703125,37470.671875
2025-06-03,8787.0,5970.3701171875,23512.490234375,37446.80859375
2025-06-04,8801.2998046875,5970.81005859375,23654.029296875,37747.44921875
2025-06-05,8811.0,5939.2998046875,23906.970703125,37554.48828125
2025-06-06,8837.900390625,6000.35986328125,23792.5390625,37741.609375
2025-06-09,8832.2998046875,6005.8798828125,24181.4296875,38088.5703125
2025-06-10,8853.099609375,6038.81005859375,24162.869140625,38211.51171875
2025-06-11,8864.400390625,6022.240234375,24366.939453125,38421.19140625
2025-06-12,8884.900390625,6045.259765625,24035.380859375,38173.08984375
2025-06-13,8850.599609375,5976.97021484375,23892.560546875,37834.25
2025-06-16,8875.2001953125,6033.10986328125,24060.990234375,38311.328125
2025-06-17,8834.0,5982.72021484375,23980.30078125,38536.73828125
2025-06-18,8843.5,5980.8701171875,23710.689453125,38885.1484375
2025-06-19,8791.7998046875,5980.8701171875,23237.740234375,38488.33984375
2025-06-20,8774.7001953125,5967.83984375,23530.48046875,38403.23046875
2025-06-23,8758.0,6025.169921875,23689.130859375,38354.08984375
2025-06-24,8759.0,6092.18017578125,24177.0703125,38790.55859375
2025-06-25,8718.7998046875,6092.16015625,24474.669921875,38942.0703125
2025-06-26,8735.599609375,6141.02001953125,24325.400390625,39584.578125
2025-06-27,8798.900390625,6173.06982421875,24284.150390625,40150.7890625
2025-06-30,8761.0,6204.9501953125,24072.279296875,40487.390625
2025-07-01,8785.2998046875,6198.009765625,24072.279296875,39986.328125
2025-07-02,8774.7001953125,6227.419921875,24221.41015625,39762.48046875
2025-07-03,8823.2001953125,6279.35009765625,24069.939453125,39785.8984375
2025-07-04,8822.900390625,6279.35009765625,23916.060546875,39810.87890625
2025-07-07,8806.5,6229.97998046875,23887.830078125,39587.6796875
2025-07-08,8854.2001953125,6225.52001953125,24148.0703125,39688.80859375
2025-07-09,8867.0,6263.259765625,23892.3203125,39821.28125
2025-07-10,8975.7001953125,6280.4599609375,24028.369140625,39646.359375
2025-07-11,8941.099609375,6259.75,24139.5703125,39569.6796875
2025-07-14,8998.099609375,6268.56005859375,24203.3203125,39459.62109375
2025-07-15,8938.2998046875,6243.759765625,24590.119140625,39678.01953125
2025-07-16,8926.599609375,6263.7001953125,24517.759765625,39663.3984375
2025-07-17,8972.599609375,6297.35986328125,24498.94921875,39901.19140625
2025-07-18,8992.099609375,6296.7900390625,24825.66015625,39819.109375
2025-07-21,9013.0,6305.60009765625,24994.140625,39819.109375
2025-07-22,9023.7998046875,6309.6201171875,25130.029296875,39774.921875
2025-07-23,9061.5,6358.91015625,25538.0703125,41171.3203125
2025-07-24,9138.400390625,6363.35009765625,25667.1796875,41826.33984375
2025-07-25,9120.2998046875,6388.64013671875,25388.349609375,41456.23046875
2025-07-28,9081.400390625,6389.77001953125,25562.130859375,40998.26953125
2025-07-29,9136.2998046875,6370.85986328125,25524.44921875,40674.55078125
2025-07-30,9136.900390625,6362.89990234375,25176.9296875,40654.69921875
2025-07-31,9132.7998046875,6339.39013671875,24773.330078125,41069.8203125
2025-08-01,9068.599609375,6238.009765625,24507.810546875,40799.6015625
2025-08-04,9128.2998046875,6329.93994140625,24733.44921875,40290.69921875
2025-08-05,9142.7001953125,6299.18994140625,24902.529296875,40549.5390625
2025-08-06,9164.2998046875,6345.06005859375,24910.630859375,40794.859375
2025-08-07,9100.7998046875,6340.0,25081.630859375,41059.1484375
2025-08-08,9095.7001953125,6389.4501953125,24858.8203125,41820.48046875
2025-08-11,9129.7001953125,6373.4501953125,24906.810546875,41820.48046875
2025-08-12,9147.7998046875,6445.759765625,24969.6796875,42718.171875
2025-08-13,9165.2001953125,6466.580078125,25613.669921875,43274.671875
2025-08-14,9177.2001953125,6468.5400390625,25519.3203125,42649.26171875
2025-08-15,9138.900390625,6449.7998046875,25270.0703125,43378.30859375
2025-08-18,9157.7001953125,6449.14990234375,25176.849609375,43714.30859375
2025-08-19,9189.2001953125,6411.3701171875,25122.900390625,43546.2890625
2025-08-20,9288.099609375,6395.77978515625,25165.939453125,42888.55078125
2025-08-21,9309.2001953125,6370.169921875,25104.609375,42610.171875
2025-08-22,9321.400390625,6466.91015625,25339.140625,42633.2890625
2025-08-25,9321.400390625,6439.31982421875,25829.91015625,42807.8203125
2025-08-26,9265.7998046875,6465.93994140625,25524.919921875,42394.3984375
2025-08-27,9255.5,6481.39990234375,25201.759765625,42520.26953125
2025-08-28,9216.7998046875,6501.85986328125,24998.8203125,42828.7890625
2025-08-29,9187.2998046875,6460.259765625,25077.619140625,42718.46875
2025-09-01,9196.2998046875,6460.259765625,25617.419921875,42188.7890625
2025-09-02,9116.7001953125,6415.5400390625,25496.55078125,42310.48828125
2025-09-03,9178.0,6448.259765625,25343.4296875,41938.890625
2025-09-04,9216.900390625,6502.080078125,25058.509765625,42580.26953125
2025-09-05,9208.2001953125,6481.5,25417.98046875,43018.75
2025-09-08,9221.400390625,6495.14990234375,25633.91015625,43643.80859375
2025-09-09,9242.5,6512.60986328125,25938.130859375,43459.2890625
2025-09-10,9225.400390625,6532.0400390625,26200.259765625,43837.671875
2025-09-11,9297.599609375,6587.47021484375,26086.3203125,44372.5
2025-09-12,9283.2998046875,6584.2900390625,26388.16015625,44768.12109375
2025-09-15,9277.0,6615.27978515625,26446.560546875,44768.12109375
2025-09-16,9195.7001953125,6606.759765625,26438.509765625,44902.26953125
2025-09-17,9208.400390625,6600.35009765625,26908.390625,44790.37890625
2025-09-18,9228.099609375,6631.9599609375,26544.849609375,45303.4296875
2025-09-19,9216.7001953125,6664.35986328125,26545.099609375,45045.80859375
2025-09-22,9226.7001953125,6693.75,26344.140625,45493.66015625
2025-09-23,9223.2998046875,6656.919921875,26159.119140625,45493.66015625
2025-09-24,9250.400390625,6637.97021484375,26518.650390625,45630.30859375
2025-09-25,9214.0,6604.72021484375,26484.6796875,45754.9296875
2025-09-26,9284.7998046875,6643.7001953125,26128.19921875,45354.98828125
2025-09-29,9299.7998046875,6661.2099609375,26622.880859375,45043.75
2025-09-30,9350.400390625,6688.4599609375,26855.560546875,44932.62890625
2025-10-01,9446.400390625,6711.2001953125,26855.560546875,44550.8515625
2025-10-02,9427.7001953125,6715.35009765625,27287.119140625,44936.73046875
2025-10-03,9491.2998046875,6715.7900390625,27140.919921875,45769.5
2025-10-06,9479.099609375,6740.27978515625,26957.76953125,47944.76171875
2025-10-07,9483.599609375,6714.58984375,26957.76953125,47950.87890625
2025-10-08,9548.900390625,6753.72021484375,26829.4609375,47734.98828125
2025-10-09,9509.400390625,6735.10986328125,26752.58984375,48580.44140625
2025-10-10,9427.5,6552.509765625,26290.3203125,48088.80078125
2025-10-13,9442.900390625,6654.72021484375,25889.48046875,48088.80078125
2025-10-14,9452.7998046875,6644.31005859375,25441.349609375,46847.3203125
2025-10-15,9424.7998046875,6671.06005859375,25910.599609375,47672.671875
2025-10-16,9436.099609375,6629.06982421875,25888.509765625,48277.73828125
2025-10-17,9354.599609375,6664.009765625,25247.099609375,47582.1484375
2025-10-20,9403.599609375,6735.1298828125,25858.830078125,49185.5
2025-10-21,9427.0,6735.35009765625,26027.55078125,49316.05859375
2025-10-22,9515.0,6699.39990234375,25781.76953125,49307.7890625
2025-10-23,9578.599609375,6738.43994140625,25967.98046875,48641.609375
2025-10-24,9645.599609375,6791.68994140625,26160.150390625,49299.6484375
2025-10-27,9653.7998046875,6875.16015625,26433.69921875,50512.3203125
2025-10-28,9696.7001953125,6890.89013671875,26346.140625,50219.1796875
2025-10-29,9756.099609375,6890.58984375,26346.140625,51307.6484375
2025-10-30,9760.099609375,6822.33984375,26282.689453125,51325.609375
2025-10-31,9717.2998046875,6840.2001953125,25906.650390625,52411.33984375
2025-11-03,9701.400390625,6851.97021484375,26158.359375,52411.33984375
2025-11-04,9715.0,6771.5498046875,25952.400390625,51497.19921875
2025-11-05,9777.099609375,6796.2900390625,25935.41015625,50212.26953125
2025-11-06,9735.7998046875,6720.31982421875,26485.900390625,50883.6796875
2025-11-07,9682.599609375,6728.7998046875,26241.830078125,50276.37109375
2025-11-10,9787.2001953125,6832.43017578125,26649.060546875,50911.76171875
2025-11-11,9899.599609375,6846.60986328125,26696.41015625,50842.9296875
2025-11-12,9911.400390625,6850.919921875,26922.73046875,51063.30859375
2025-11-13,9807.7001953125,6737.490234375,27073.029296875,51281.828125
2025-11-14,9698.400390625,6734.10986328125,26572.4609375,50376.53125
2025-11-17,9675.400390625,6672.41015625,26384.279296875,50323.91015625
2025-11-18,9552.2998046875,6617.31982421875,25930.029296875,48702.98046875
2025-11-19,9507.400390625,6642.16015625,25830.650390625,48537.69921875
2025-11-20,9527.7001953125,6538.759765625,25835.5703125,49823.94140625
2025-11-21,9539.7001953125,6602.990234375,25220.01953125,48625.87890625
2025-11-24,9534.900390625,6705.1201171875,25716.5,48625.87890625
2025-11-25,9609.5,6765.8798828125,25894.55078125,48659.51953125
2025-11-26,9691.599609375,6812.60986328125,25928.080078125,49559.0703125
2025-11-27,9693.900390625,6812.60986328125,25945.9296875,50167.1015625
2025-11-28,9720.5,6849.08984375,25858.890625,50253.91015625
2025-12-01,9702.5,6812.6298828125,26033.259765625,49303.28125
2025-12-02,9701.7998046875,6829.3701171875,26095.05078125,49303.44921875
2025-12-03,9692.099609375,6849.72021484375,25760.73046875,49864.6796875
2025-12-04,9710.900390625,6857.1201171875,25935.900390625,51028.421875
2025-12-05,9667.0,6870.39990234375,26085.080078125,50491.87109375
2025-12-08,9645.099609375,6846.509765625,25765.359375,50581.94140625
2025-12-09,9642.0,6840.509765625,25434.23046875,50655.1015625
2025-12-10,9655.5,6886.68017578125,25540.779296875,50602.80078125
2025-12-11,9703.2001953125,6901.0,25530.509765625,50148.8203125
2025-12-12,9649.0,6827.41015625,25976.7890625,50836.55078125
2025-12-15,9751.2998046875,6816.509765625,25628.880859375,50168.109375
2025-12-16,9684.7998046875,6800.259765625,25235.41015625,49383.2890625
2025-12-17,9774.2998046875,6721.43017578125,25468.779296875,49512.28125
2025-12-18,9837.7998046875,6774.759765625,25498.130859375,49001.5
2025-12-19,9897.400390625,6834.5,25690.529296875,49507.2109375
2025-12-22,9866.0,6878.490234375,25801.76953125,50402.390625
2025-12-23,9889.2001953125,6909.7900390625,25774.140625,50412.87109375
2025-12-24,9870.7001953125,6932.0498046875,25818.9296875,50344.1015625
2025-12-25,9870.7001953125,6932.0498046875,25818.9296875,50407.7890625
2025-12-26,9870.7001953125,6929.93994140625,25818.9296875,50750.390625
2025-12-29,9866.5,6905.740234375,25635.23046875,50526.921875
2025-12-30,9940.7001953125,6896.240234375,25854.599609375,50339.48046875
2025-12-31,9931.400390625,6845.5,25630.5390625,50339.48046875
2026-01-02,9951.099609375,6858.47021484375,26338.470703125,50339.48046875
2026-01-05,10004.599609375,6902.0498046875,26347.240234375,51832.80078125
2026-01-06,10122.7001953125,6944.81982421875,26710.44921875,52518.078125
2026-01-07,10048.2001953125,6920.93017578125,26458.94921875,51961.98046875
2026-01-08,10044.7001953125,6921.4599609375,26149.310546875,51117.26171875
2026-01-09,10124.599609375,6966.27978515625,26231.7890625,51939.890625
2026-01-12,10140.7001953125,6977.27001953125,26608.48046875,51939.890625
2026-01-13,10137.400390625,6963.740234375,26848.470703125,53549.16015625
2026-01-14,10184.400390625,6926.60009765625,26999.810546875,54341.23046875
2026-01-15,10238.900390625,6944.47021484375,26923.619140625,54110.5
2026-01-16,10235.2998046875,6940.009765625,26844.9609375,53936.171875
2026-01-19,10195.400390625,6940.009765625,26563.900390625,53583.5703125
2026-01-20,10126.7998046875,6796.85986328125,26487.509765625,52991.1015625
2026-01-21,10138.099609375,6875.6201171875,26585.060546875,52774.640625
2026-01-22,10150.099609375,6913.35009765625,26629.9609375,53688.890625
2026-01-23,10143.400390625,6915.60986328125,26749.509765625,53846.87109375
2026-01-26,10148.900390625,6950.22998046875,26765.51953125,52885.25
2026-01-27,10207.7998046875,6978.60009765625,27126.94921875,53333.5390625
2026-01-28,10154.400390625,6978.02978515625,27826.91015625,53358.7109375
2026-01-29,10171.7998046875,6969.009765625,27968.08984375,53375.6015625
2026-01-30,10223.5,6939.02978515625,27387.109375,53322.8515625
2026-02-02,10341.599609375,6976.43994140625,26775.5703125,52655.1796875
2026-02-03,10314.599609375,6917.81005859375,26834.76953125,54720.66015625
2026-02-04,10402.2998046875,6882.72021484375,26847.3203125,54293.359375
2026-02-05,10309.2001953125,6798.39990234375,26885.240234375,53818.0390625
2026-02-06,10369.7998046875,6932.2998046875,26559.94921875,54253.6796875
2026-02-09,10386.2001953125,6964.81982421875,27027.16015625,56363.94140625
2026-02-10,10353.7998046875,6941.81005859375,27183.150390625,57650.5390625
2026-02-11,10472.099609375,6941.47021484375,27266.380859375,57650.5390625
2026-02-12,10402.400390625,6832.759765625,27032.5390625,57639.83984375
2026-02-13,10446.400390625,6836.169921875,26567.119140625,56941.96875
2026-02-16,10473.7001953125,6836.169921875,26705.939453125,56806.41015625
2026-02-17,10556.2001953125,6843.22021484375,26705.939453125,56566.48828125
2026-02-18,10686.2001953125,6881.31005859375,26705.939453125,57143.83984375
2026-02-19,10627.0,6861.89013671875,26705.939453125,57467.828125
2026-02-20,10686.900390625,6909.509765625,26413.349609375,56825.69921875
2026-02-23,10684.7001953125,6837.75,27081.91015625,56825.69921875
2026-02-24,10680.599609375,6890.06982421875,26590.3203125,57321.08984375
2026-02-25,10806.400390625,6946.1298828125,26765.720703125,58583.12109375
2026-02-26,10846.7001953125,6908.85986328125,26381.01953125,58753.390625
2026-02-27,10910.599609375,6878.8798828125,26630.5390625,58850.26953125
2026-03-02,10780.099609375,6881.6201171875,26059.849609375,58057.23828125
2026-03-03,10484.099609375,6816.6298828125,25768.080078125,56279.05078125
2026-03-04,10567.7001953125,6869.5,25249.48046875,54245.5390625
2026-03-05,10413.900390625,6830.7099609375,25321.33984375,55278.05859375
2026-03-06,10284.7998046875,6740.02001953125,25757.2890625,55620.83984375
2026-03-09,10249.5,6795.990234375,25408.4609375,52728.71875
2026-03-10,10412.2001953125,6781.47998046875,25959.900390625,54248.390625
2026-03-11,10353.7998046875,6775.7998046875,25898.759765625,55025.37109375
2026-03-12,10305.2001953125,6672.6201171875,25716.759765625,54452.9609375
2026-03-13,10261.2001953125,6632.18994140625,25465.599609375,53819.609375
2026-03-16,10317.7001953125,6699.3798828125,25834.01953125,53751.1484375
2026-03-17,10403.599609375,6716.08984375,25868.5390625,53700.390625
2026-03-18,10305.2998046875,6624.7001953125,26025.419921875,55239.3984375
2026-03-19,10063.5,6606.490234375,25500.580078125,53372.53125
2026-03-20,9918.2998046875,6506.47998046875,25277.3203125,53372.53125
2026-03-23,9894.2001953125,6581.0,24382.470703125,51515.48828125
2026-03-24,9965.2001953125,6556.3701171875,25063.7109375,52252.28125
2026-03-25,10106.7998046875,6591.89990234375,25335.94921875,53749.62109375
2026-03-26,9972.2001953125,6477.16015625,24856.4296875,53603.6484375
2026-03-27,9967.400390625,6368.85009765625,24951.880859375,53373.0703125
2026-03-30,10128.0,6343.72021484375,24750.7890625,51885.8515625
2026-03-31,10176.5,6528.52001953125,24788.140625,51063.71875
